ID,name,emplid,year,ftpt,status1,status2,status3,days,leadSupervisor,otherSupervisors
1,Alice Jones,10012345,1,FT,meets,meets,meets,3,Colin Ashton,June Armstrong
2,Bob Smith,10012346,2,FT,meets,meets,engage,6,Colin Ashton,"June Armstrong, Daniel Barrett"
3,Chris Evans,10012347,3,FT,meets,meets,NoMtg,42,Colin Ashton,Robert Atkinson
4,David Miller,10012348,1,Part,meets,meets,unknown,37,Colin Ashton,Lesley Clifford; Catherine Malik
5,Stephen Abell,10020000,3,Part,meets,meets,meets,8,Durante Collecott,"Felita Heistermann, Melita Yekel"
6,Zara Ahmed,10020001,2,FT,meets,engage,engage,21,Belita Farmloe,"Anneliese Thiese, Town Formilli"
7,Iain Anderson,10020002,3,FT,meets,both,both,9,Clyve Geaney,"Selby Lepope, Arabelle Thorwarth"
8,June Armstrong,10020003,2,Part,meets,unknown,unknown,38,Dorie Sills,"Glory Maeer, Onfroi Powe"
9,Colin Ashton,10020004,1,FT,meets,meets,meets,14,Lissie Blasdale,"Annamaria Philippeaux, Torre Ethelstone"
10,Elizabeth Ashton,10020005,1,FT,engage,meets,meets,9,Maximilian Ullyott,"Rand Attwell, Amalie Cutford"
11,Stephen Ashurst,10020006,1,Part,meets,meets,engage,12,Esra Imlaw,"Cordelie Epine, Maurice Chang"
12,Robert Atkinson,10020007,3,FT,meets,meets,NoMtg,43,Carolynn Curuclis,"Matty Moncarr, Hazel Lofts"
13,Thang Bak,10020008,3,FT,meets,both,unknown,33,Eugenia King,"Odille Mc Ilwrick, "
14,Daniel Barrett,10020009,2,FT,meets,meets,meets,5,Hew Powner,"Boony Snead, "
15,Stephen Beard,10020010,4,FT,meets,meets,meets,6,Clare Kerley,"Dunc Reah, Estele Farriar"
16,Paula Beaumont,10020011,1,FT,meets,meets,unknown,68,Devy Dorgon,"Camile Mastrantone, "
17,Keith Blair,10020012,2,FT,meets,meets,meets,66,Alley Segrott,"Emma Tatam, Edwina Daskiewicz"
18,George Boyle,10020013,4,FT,engage,meets,meets,48,Maddi Piddletown,"Drucie Chritchlow, "
19,Cathy Boylen,10020014,2,FT,meets,engage,unknown,51,Glyn Darinton,"Lora Murty, Hollis Ludewig"
20,Sian Brown,10020015,3,FT,progress,engage,progress,56,Darci Vader,"Merl Fabri, "
21,Hein Bui,10020016,4,Part,meets,meets,unknown,60,Lynea Bakes,"Sharyl Lumbley, "
22,Denise Bull,10020017,3,FT,meets,meets,meets,47,Sebastiano Frankling,"Koral Racher, "
23,Derren Burn,10020018,4,Part,meets,meets,unknown,25,Rupert Weekly,"Tanya Sangra, "
24,Chris Bush,10020019,4,Part,meets,meets,meets,57,Brandy Curnok,"Haleigh Cudby, "
25,Paul Carter,10020020,2,FT,meets,meets,unknown,37,Deloris Ramos,"Chip Pavlenkov, "
26,Ashfaq Chaudhry,10020021,1,Part,NoMtg,meets,meets,72,Matthiew Lakeman,"Etta Foxten, "
27,Eddie Chung,10020022,3,FT,meets,meets,meets,23,Wat McLaine,"Lulita Slad, Sephira Holcroft"
28,Lesley Clifford,10020023,1,FT,meets,meets,meets,60,Bax Sterndale,"Emanuel Gouck, Claiborn Rollinshaw"
29,Neville Coley,10020024,3,Part,unknown,meets,meets,37,Barney Pykett,"Harli Haulkham, "
30,Edwin Cook,10020025,2,FT,meets,meets,unknown,70,Brigit Seint,"Paulie Huckle, Maurine Joskowicz"
31,Linda Crellin,10020026,1,FT,meets,meets,unknown,69,Nathalia Salomon,"Audre Jeannesson, "
32,Alicia Curry,10020027,4,FT,meets,meets,meets,41,Erinn Cornu,"Nichol Faircliffe, "
33,Ian Dalton,10020028,4,FT,meets,meets,both,36,Clerc Crammy,"Nap Riordan, "
34,Lalit Das,10020029,3,FT,meets,meets,unknown,59,Rustie Ishak,"Zack Bransdon, Grata Mithan"
35,Michael Deady,10020030,2,Part,meets,meets,unknown,12,Barbaraanne Gilogly,"Muriel Debow, Helena Meneghi"
36,Rebecca Dewey,10020031,2,FT,engage,meets,meets,38,Pauline Rafferty,"Lavina MacDaid, Abagael Lias"
37,Martin Dower,10020032,3,FT,meets,meets,unknown,12,Humberto Demcik,"Esme Northcliffe, Jena Cobbold"
38,Jo Duffy,10020033,1,Part,meets,meets,engage,46,Amalea Whitcombe,"Travus Brindle, Reade Stanyon"
39,Jim Dunstan,10020034,2,FT,meets,meets,unknown,41,Burton Villalta,"Marie-ann Wimlett, Sidonia Frankish"
40,Mary Duthie,10020035,1,FT,meets,meets,meets,52,Rog Butchers,"Leroi Bellin, "
41,James Edmiston,10020036,2,FT,meets,meets,meets,34,Sky Carine,"Sollie Van der Hoeven, "
42,Alice Edwards,10020037,1,Part,meets,meets,NoMtg,30,Zandra Jarry,"Rickert Rickard, "
43,Geoffrey Evans,10020038,2,FT,meets,meets,meets,4,Roanna Scollan,"Brock Cavaney, Jackie Milleton"
44,Helen Franklin,10020039,1,FT,meets,meets,meets,69,Alford Wesson,"Liva Inderwick, "
45,Mark Fuller,10020040,2,FT,meets,meets,meets,10,Bear Finlay,"Allina Dufour, "
46,Fiona Garrett,10020041,2,FT,meets,meets,meets,38,Lucine Reyner,"Bord Loxley, "
47,Michael Gatenby,10020042,2,Part,meets,meets,unknown,28,Darsie Whether,"Carrie Geertje, "
48,David Geddes,10020043,3,Part,meets,meets,meets,5,Kellsie Gyrgorwicx,"Blithe Croyser, Milton Sooper"
49,Elias Getachew,10020044,1,FT,engage,meets,meets,17,Amalie Tripony,"Lawrence Blissitt, "
50,Colin Gibbons,10020045,4,Part,meets,meets,unknown,42,Darb Klesse,"Pippy Akeherst, "
51,Stephen Goodall,10020046,3,FT,meets,meets,meets,72,Denys Asaaf,"Corbin Bellenger, "
52,Catherine Hagan,10020047,4,FT,meets,meets,meets,4,Giffer Brito,"Wilbur Fossitt, "
53,Warren Hamlin,10020048,1,Part,meets,meets,unknown,14,Rakel Slym,"Alie Clift, "
54,Simon Handley,10020049,2,FT,meets,meets,unknown,66,Shirlene Tomasik,"Stephanus Condy, "
55,Joyce Harding,10020050,3,Part,meets,meets,unknown,57,Norbert Sargeant,"Dulcia Stoakes, "
56,Daniel Hayes,10020051,2,FT,meets,meets,meets,72,Dee dee Bodicum,"Ivie Cappineer, "
57,Robert Haywood,10020052,2,FT,meets,meets,unknown,72,Adora Trasler,"Shari Santus, Cornie Ranklin"
58,Lindsey Henderson,10020053,4,FT,meets,meets,unknown,64,Chandler Penhalurick,"Wilhelmine Foch, "
59,David Henry,10020054,3,FT,meets,meets,unknown,39,Maddie McInerney,"Ignazio Schoolcroft, Frazer Pidduck"
60,Edwin Hicks,10020055,4,Part,progress,NoMtg,unknown,36,Jacinthe Saggs,"Michelle Walasik, "
61,David Higham,10020056,2,FT,meets,meets,unknown,47,Enrika Urwen,"Ruthanne Deaville, "
62,Adam Hoffman,10020057,4,FT,meets,meets,meets,53,Rickie Netherwood,"Alwin Yerrill, Geri Spears"
63,Maureen Holliday,10020058,2,Part,meets,unknown,meets,31,Florence Bletsor,"Raoul Walls, Coraline Huntington"
64,Norman Holmes,10020059,4,FT,meets,meets,meets,17,Donna Jentzsch,"Forester Paolillo, Dario Britian"
65,Richard Hubbard,10020060,3,FT,meets,meets,unknown,50,Brennan Grigoryev,"Myer Feare, "
66,Julie Hurley,10020061,3,Part,meets,meets,unknown,5,Liva Ceaplen,"Carolyn Wadforth, Christan Semble"
67,Beryl Hurren,10020062,3,FT,meets,meets,unknown,5,Rufus Blissitt,"Terrell Scrigmour, Helaina Anslow"
68,Aaron Jackson,10020063,3,Part,meets,meets,meets,31,Berti Sabater,"Felecia Sarle, Modestia Seamer"
69,Abigail Jacob,10020064,3,FT,meets,meets,meets,48,Lesley Tirkin,"Cedric Rhodes, "
70,William Jones,10020065,3,Part,meets,unknown,meets,71,Ajay Bewsey,"Glynda Aspray, "
71,Lowri Jones,10020066,1,FT,meets,engage,meets,35,Dav Stent,"Marlin Strangeways, "
72,Warren Jordan,10020067,2,FT,meets,meets,unknown,59,Rodrigo Cottier,"Morissa Dellenbrok, "
73,Nigel Kendall,10020068,2,FT,meets,meets,unknown,53,Bee Haresign,"Cami Gierok, "
74,William Kershaw,10020069,2,FT,meets,meets,meets,37,Winifred MacShirrie,"Philbert Lowfill, Lars Debold"
75,Nindy Kumar,10020070,3,FT,meets,meets,unknown,31,Serge Mattheeuw,"Hobart Kaplan, Ruben Perrone"
76,Anthony Lane,10020071,2,FT,meets,meets,meets,68,Leonore Staterfield,"Man Jaouen, Orren Pitkins"
77,John Langham,10020072,1,Part,meets,meets,meets,1,Carly Parmiter,"Artie Fayer, Nathalia Gawthrop"
78,Claire Lawlor,10020073,4,FT,engage,meets,meets,16,Portie Slarke,"Mireielle Harrop, "
79,Stanley Lawrence,10020074,3,FT,meets,engage,meets,10,Talya Beadel,"Stacie Burhill, "
80,John Leach,10020075,4,FT,meets,meets,meets,38,Heindrick Magrane,"Anton Lievesley, "
81,Susan Leigh,10020076,3,FT,meets,meets,unknown,55,Nert Wilsdon,"Carmella Dagleas, Farr Aasaf"
82,Graham Lloyd,10020077,3,FT,meets,meets,unknown,36,Cordula Sivorn,"Issiah Nowland, Shadow Beminster"
83,Rita Lockwood,10020078,2,Part,meets,meets,meets,68,Sheena Randalson,"Morie Stonner, "
84,Sandra Lowe,10020079,4,FT,meets,meets,meets,60,Alexio Livett,"Beulah Gueste, "
85,Gillian MacDonald,10020080,1,Part,meets,meets,meets,19,Danie Tinton,"Rasla Shucksmith, "
86,Noel Malik,10020081,1,FT,meets,meets,meets,67,Prudi Kiddye,"Cris Causey, "
87,Catherine May,10020082,3,FT,meets,meets,engage,60,Tarah Kynd,"Feliza Alcoran, "
88,Nicola McDonald,10020083,4,Part,meets,meets,meets,15,Katherina Keep,"Ginger Hanselman, "
89,Garry McGowen,10020084,1,FT,meets,meets,meets,41,Marlo Gwilym,"Auguste Croot, "
90,Anne McLean,10020085,4,FT,meets,engage,meets,20,Estell Morrissey,"Gardener Chicchelli, "
91,Beryl Meredith,10020086,1,FT,progress,meets,meets,66,Noel Coalburn,"Bud Tearney, "
92,Tony Millen,10020087,4,FT,meets,meets,meets,47,Irina Smartman,"Abran Lazonby, Janean Livingstone"
93,Karen Milligan,10020088,3,Part,meets,meets,meets,56,Forester Silbersak,"Corilla Niemiec, "
94,James Milton,10020089,1,FT,meets,meets,meets,40,Valenka Nayshe,"Sile Luscombe, "
95,Barry Minty,10020090,3,Part,meets,meets,meets,42,Ronica Wheildon,"Elmira Goatcher, Marybelle Riba"
96,Michael Mogg,10020091,3,FT,meets,meets,unknown,64,Coraline Aveson,"Blithe Bowgen, "
97,Arthur Morrison,10020092,4,FT,meets,meets,meets,51,Rosamond Elks,"Janith Thame, Teddy Coombe"
98,Lynn Nevin,10020093,1,FT,meets,progress,meets,50,Kennedy Calcutt,"Alane Caldes, Aindrea Reihill"
99,Denise Ng,10020094,1,FT,meets,progress,unknown,11,Adrian Scamadin,"Deva MacNalley, Max Skrine"
100,Patrick Nuttall,10020095,1,FT,meets,meets,unknown,12,Adan Juanico,"Sandi Freiberg, Sean Alderman"
101,Michael Orris,10020096,4,FT,meets,progress,both,59,Thatcher Wrotham,"Gleda Kem, "
102,Andrew Padgett,10020097,2,FT,engage,progress,meets,12,Benedikt Griswood,"Vaughan Passo, Esme Kemetz"
103,Simon Payne,10020098,2,Part,meets,engage,unknown,51,Latrena Romeril,"Heddi Donizeau, "
104,Robert Phillips,10020099,4,FT,meets,meets,unknown,66,Artur Godin,"Jana Leonida, "
105,Nigel Poole,10020100,4,FT,unknown,meets,unknown,7,Gwyneth Ibbison,"Marlow Woosnam, Giustina Agate"
106,Andrew Powell,10020101,2,FT,meets,meets,unknown,72,Phyllis Baldwin,"Ward Briscoe, Garrard Pablos"
107,Steven Prosser,10020102,2,FT,meets,progress,unknown,31,Arlin Wagon,"Vassili Orringe, Mahala Edgler"
108,Alan Ransome,10020103,4,Part,meets,meets,unknown,12,Bill Born,"Merilyn McBrady, Danella Marriner"
109,Belinda Read,10020104,1,FT,meets,meets,meets,5,Inglebert Goldster,"Shane Brugmann, "
110,Robert Reeder,10020105,1,FT,NoMtg,meets,meets,51,Cordie Cristofaro,"Maurita Challis, Beatrisa Biss"
111,William Reeves,10020106,1,FT,meets,meets,meets,58,Johannes Dorcey,"Rebeka Selburn, "
112,Stanley Riley,10020107,2,FT,meets,meets,meets,60,Raquel Kike,"Flossy Matuschek, Philipa Guiso"
113,David Robinson,10020108,1,FT,meets,meets,NoMtg,28,Neal Langridge,"Dennie Chretien, Celinka Domegan"
114,Darren Ronan,10020109,3,Part,meets,meets,meets,11,Sterne Tinson,"Durante Brisson, Audie Dellenbach"
115,Helen Rosser,10020110,4,FT,meets,meets,unknown,23,Charmane Trimnell,"Geri Scanlin, Gennifer Capel"
116,Robert Rowan,10020111,4,FT,meets,meets,unknown,40,Sherye Elsay,"Koo Metts, Lonna Tunnicliff"
117,Patricia Russell,10020112,3,Part,meets,meets,meets,54,Florette Burnage,"Steffie Charrett, "
118,Diane Sampson,10020113,3,FT,meets,meets,unknown,60,Kyle Varns,"Joey Duffer, Rob Annis"
119,Andrew Savage,10020114,2,Part,progress,meets,both,48,Felicia Lavery,"Alvan Alesbrook, "
120,Ian Selby,10020115,3,Part,meets,meets,unknown,22,Jolee Domoney,"Hartley Pargeter, Free Mistry"
121,Robert Setchell,10020116,2,FT,meets,meets,unknown,20,Lloyd Rogge,"Lura Lago, "
122,John Shand,10020117,3,FT,meets,meets,meets,15,Chance Olver,"Kirstyn ducarme, "
123,Wendy Sharrock,10020118,3,FT,meets,meets,meets,41,Theresita Jesty,"Bryn Murley, "
124,Kyra Sheehan,10020119,3,FT,meets,meets,unknown,41,Libbie Alderwick,"Marcos Lyons, "
125,Sharon Simm,10020120,4,FT,meets,meets,unknown,23,Lynnette Abden,"Giulio Loding, "
126,Rocky Singh,10020121,4,FT,unknown,meets,unknown,40,Helenka Meah,"Weidar Sjollema, Wanda Poolton"
127,Colin Smith,10020122,2,FT,meets,unknown,meets,8,Xylia Todaro,"Karen Fairfoot, "
128,Nigel Smith,10020123,3,FT,meets,meets,meets,6,Raleigh Parrish,"Katya Lages, Peria Scaysbrook"
129,Rachael Smith,10020124,2,FT,meets,meets,meets,38,Eba Mulliss,"Bessie Shirtliff, "
130,Sandra Spence,10020125,2,FT,meets,meets,unknown,24,Cloe Benech,"Manya Lewer, Delores Mc Andrew"
131,John Stevenson,10020126,3,Part,meets,meets,meets,69,Lula Arnaudon,"Keslie Morden, "
132,Terence Strain,10020127,1,Part,meets,meets,progress,40,Katheryn Shadfourth,"Ethelind Brighouse, Corbett Bantham"
133,Sally Stratton,10020128,4,FT,meets,meets,meets,56,Berne Weld,"Keefe Persey, "
134,Emma Stride,10020129,1,FT,meets,meets,unknown,31,Katy Quadri,"Kellia Itzcak, "
135,Tessa Strong,10020130,4,FT,meets,meets,unknown,58,Billi Skoughman,"Pablo Plowell, Oriana Chatell"
136,Julia Stuart,10020131,4,FT,meets,meets,meets,32,Garald McColm,"Toinette Idel, Edita Spurden"
137,Sean Sullivan,10020132,4,FT,unknown,meets,meets,56,Cher Riseborough,"Terrell De Vile, "
138,Nasrin Sultana,10020133,1,FT,meets,meets,unknown,6,Anastassia Ginnaly,"May August, "
139,Walter Tan,10020134,2,FT,meets,meets,meets,7,Willetta Mallord,"Rooney Crame, Justin Vickerman"
140,Matthew Tasker,10020135,2,Part,meets,meets,meets,53,Pinchas Angel,"Emmanuel Schoenfisch, "
141,Margaret Taylor,10020136,1,Part,meets,meets,meets,45,Alyce Iori,"Alicia Jenkyn, Mehetabel Trollope"
142,Joanna Teague,10020137,1,FT,meets,NoMtg,meets,66,Tonye Cleiment,"Zahara Nuschke, "
143,Amanda Thacker,10020138,3,FT,unknown,meets,meets,37,Sari Ticksall,"Hugo Dibben, Kenton O'Scully"
144,Shirley Thompson,10020139,4,FT,meets,meets,meets,64,Kalli Mealiffe,"Valerye Hendricks, "
145,Stephen Tingle,10020140,2,FT,meets,meets,unknown,47,Kirby Flag,"Tamar Norssister, Christine Colum"
146,Christopher Trill,10020141,1,FT,meets,meets,meets,57,Eloisa Harley,"Arlana Bowe, "
147,Zoe Waller,10020142,4,Part,progress,meets,meets,52,Neala Caplen,"Eugenius Halgarth, Calvin Mathivet"
148,Joseph Ward,10020143,2,FT,meets,unknown,unknown,15,Ambrose Braikenridge,"Demetris Matchett, Benoite Sangwin"
149,Benjamin Watson,10020144,2,FT,meets,meets,meets,4,Evered McGall,"Edin Aleksankov, "
150,David Whitaker,10020145,1,Part,meets,engage,progress,46,Ham Massot,"Geordie Simak, "
151,Rob Willson,10020146,2,FT,engage,meets,meets,70,Sophie Probat,"Peyton Bearcock, Alberik Botley"
152,Neil Wison,10020147,4,FT,meets,meets,unknown,49,Vin Pindred,"Matthaeus Burdytt, Klarrisa Lambis"
153,Nga Wong,10020148,2,Part,meets,meets,unknown,1,Josias Hubber,"Lisle Reinisch, "
154,Paul Wood,10020149,1,FT,meets,meets,unknown,40,Nariko Kinastan,"Mitchel Bartlam, "
155,Gregorio Bish,10020150,1,FT,meets,meets,meets,43,Gabi Beedom,"Kenna Schapiro, Janella Askaw"
156,Sibyl Regler,10020151,3,FT,meets,meets,meets,35,Jorry Caddy,"Brittni Fulbrook, "
157,Norbie McGonnell,10020152,3,Part,meets,both,meets,69,Cathie Fairbrace,"Dane Killik, Rob Ivatt"
158,Jordon Blaxeland,10020153,1,FT,meets,meets,unknown,35,Vernon Craythorne,"Corabella Crisp, "
159,Hal Winson,10020154,3,FT,meets,meets,unknown,16,Marthe Beszant,"Marilee Kuhndel, Yulma Harby"
160,Malorie Coneley,10020155,1,FT,meets,meets,meets,27,Nissa Fabb,"Fawne de Pinna, "
161,Aarika Dwire,10020156,2,FT,meets,meets,meets,22,Mommy Tomaszek,"Maggy Spaight, Casey Shallo"
162,Skipper Garm,10020157,4,FT,meets,progress,engage,64,Sutton Whitcombe,"Rozanna Morfey, Fonsie Gradwell"
163,Annelise Jime,10020158,1,FT,meets,meets,meets,71,Reinhold Dursley,"Caro Alexandrescu, "
164,Grover Randle,10020159,2,FT,meets,meets,meets,44,Bar Herculson,"Carma Gwillym, Keefe Pletts"
165,Standford Eidler,10020160,1,Part,meets,meets,unknown,33,Elizabet Civitillo,"Arturo Garbett, Freddie Marcussen"
166,Dedra Fortescue,10020161,4,FT,both,meets,meets,46,Delainey Aldus,"Jay Aleksashin, "
167,Harwilll Corson,10020162,4,FT,meets,meets,unknown,43,Luisa Standell,"Willie Lewing, "
168,Dewie Craxford,10020163,2,FT,meets,meets,unknown,35,Giralda Juan,"Yorgo Skingley, "
169,Griff Galier,10020164,1,FT,meets,meets,unknown,10,Stephani Stichall,"Rosette Burgoin, "
170,Giffard Dronsfield,10020165,4,FT,meets,progress,unknown,50,Dredi Belli,"Babara Poncet, "
171,Onofredo Howat,10020166,4,FT,NoMtg,meets,meets,50,Margret Shury,"Ophelie Gofforth, "
172,Lazare McCurtin,10020167,2,Part,meets,meets,meets,15,Patrice Lies,"Ingaberg Gogin, "
173,Nance Beavington,10020168,1,FT,meets,meets,unknown,8,Kordula Carette,"Tobias Baldi, Kimbell Vigietti"
174,Tadio Catterill,10020169,2,FT,meets,meets,progress,35,Jimmy Lownes,"Marina Esmonde, Breena Rickhuss"
175,Erica Gorstidge,10020170,3,FT,meets,meets,meets,50,Pauli Isacoff,"Krysta Dwane, "
176,Donnamarie Smickle,10020171,4,FT,meets,meets,unknown,10,Laurene Moseby,"Chaunce Ewing, "
177,Sheilakathryn Jeannon,10020172,1,FT,meets,meets,meets,60,Patric Pear,"Ericha Blaiklock, Rodolph Coste"
178,Allix Gillio,10020173,1,Part,unknown,meets,NoMtg,10,Florenza Lahive,"Hyatt Comberbach, "
179,Inessa Aykroyd,10020174,1,Part,meets,meets,unknown,15,Molly Petr,"Bridget McMenamy, "
180,Sayer Moakes,10020175,4,Part,meets,meets,unknown,24,Marietta Draysey,"Tamar Telfer, Colan Sherrott"
181,Aarika Guinery,10020176,2,FT,meets,meets,unknown,55,Freddi Gehrts,"Galen Murrigans, Andree Welchman"
182,Avie Janczyk,10020177,2,FT,progress,meets,unknown,52,Kevon Castaignet,"Roley Pipkin, "
183,Killian Bestwick,10020178,2,Part,meets,meets,unknown,71,Ashleigh Ariss,"Tobye Laydel, "
184,Lorette Standish-Brooks,10020179,2,FT,meets,meets,meets,30,Angele Ingyon,"Damita O'Flannery, "
185,Rodge Robelin,10020180,4,Part,meets,meets,meets,71,Wallie Annets,"Reidar Levesque, Alastair Huddle"
186,Barney Gjerde,10020181,3,Part,meets,meets,meets,22,Malissia Bernardeschi,"Jarret Winchcum, Wendall Verrier"
187,Ericka Zucker,10020182,4,FT,meets,meets,meets,62,Walther Ioan,"Bernadette Wisby, "
188,Frances Rosen,10020183,4,Part,meets,meets,meets,12,Jaime Persence,"Royall Rohlfing, "
189,Kermie Muggleton,10020184,1,FT,meets,meets,unknown,57,Hansiain Quare,"Delly Cloney, Shara Gilling"
190,Isidoro Alsina,10020185,2,FT,meets,meets,meets,2,Jodie Dunnett,"Jany McGowing, Kari Shanahan"
191,Damon Itzchaky,10020186,4,FT,meets,meets,unknown,46,Marni Noah,"Jammal Everix, Sandy Mundwell"
192,Guthry Stell,10020187,1,FT,meets,meets,meets,30,Augie Bamforth,"Bobette Elders, "
193,Josselyn Birkmyr,10020188,4,FT,meets,meets,meets,43,Hallsy Brecher,"Bettina Raithbie, "
194,Jonas Joslin,10020189,1,FT,meets,meets,unknown,58,Tallia Tytterton,"Lesli Meddemmen, Danyelle Munsey"
195,Corri Dakhno,10020190,4,FT,meets,meets,meets,71,Bobby Van Oort,"Felita Godlee, Tomasina Kenworthy"
196,Nickolaus Lorraway,10020191,4,FT,meets,meets,meets,64,Nickie Garces,"Stacee Bente, "
197,Ashly Slowan,10020192,3,FT,both,meets,unknown,34,Alonso Engledow,"Ivette Clausson, Arlina Menichini"
198,Sile Minors,10020193,4,FT,meets,meets,engage,68,Peggie MacKaile,"Allyce Klas, "
199,Marijn Masterton,10020194,1,FT,meets,meets,unknown,64,Danny Veryan,"Debora Moland, "
200,Jens Escoffrey,10020195,2,FT,meets,meets,both,29,Ruthann Skipsey,"Cicely De Atta, "
201,Obadias Creavin,10020196,4,FT,NoMtg,meets,meets,23,Osborne Synnott,"Verena McGaughie, "
202,Conrad Westmore,10020197,1,FT,meets,NoMtg,unknown,57,Shelagh Luard,"Dal Axelbey, Phillip Thunnercliffe"
203,Meridel Trussell,10020198,4,FT,meets,progress,unknown,59,Annecorinne Riccelli,"Stacee Denisyev, "
204,Chan Rippingall,10020199,2,FT,meets,meets,unknown,38,Eleanore Martinez,"Elladine Jacomb, Jayson Rook"
205,Gavra Limmer,10020200,4,Part,meets,meets,unknown,30,Gabriela Harwell,"Ellynn Senecaux, "
206,Myranda Ingarfill,10020201,3,Part,meets,meets,unknown,47,Grover Jealous,"Devland Priddle, "
207,Jarrett Worcester,10020202,3,FT,meets,unknown,meets,60,Ashli Ruddiman,"Cristabel Domleo, "
208,Renelle Hairs,10020203,1,FT,meets,meets,meets,33,Georgie Mansion,"Angelica Jimpson, Nettle Jamison"
209,Ariella Pessler,10020204,4,FT,meets,meets,unknown,4,Giff Adamczewski,"Lennie Camelli, "
210,Isa Schoolfield,10020205,2,FT,meets,meets,meets,3,Tomaso Troctor,"Matilda Pride, "
211,Alfreda Harmston,10020206,3,FT,meets,meets,unknown,54,Hussein Warnes,"Cherrita Ceely, "
212,Bax Raggatt,10020207,1,Part,meets,NoMtg,meets,54,Terrance Quogan,"Johanna Rapport, "
213,Shem Vardy,10020208,4,Part,both,unknown,meets,21,Danny Borland,"Ashien Yukhnini, "
214,Waverly Hardington,10020209,4,FT,meets,meets,meets,26,Kirsti Warlock,"Haroun Wittke, "
215,Brose Newby,10020210,1,FT,meets,meets,meets,44,Tessi Beslier,"Nora Powe, "
216,Hewett Dearn,10020211,1,Part,engage,meets,NoMtg,15,Amalle Grinval,"Bartlet Haville, "
217,Bertie Sclanders,10020212,4,FT,meets,meets,meets,14,Justino Valens-Smith,"Fremont Huntar, Maynord Chate"
218,Gardner Hallford,10020213,4,FT,meets,meets,unknown,13,Steven Trengrouse,"Devonna Cropton, Sigfrid Grigs"
219,Klarrisa Liveing,10020214,4,FT,engage,meets,meets,61,Lisbeth Sandland,"Dud Beckson, "
220,Loretta Vecard,10020215,3,FT,meets,meets,meets,47,Garvey McClure,"Astrix Pointer, "
221,Woodrow Reddick,10020216,3,FT,meets,meets,meets,42,Cameron Poile,"Virginia Gerardin, "
222,Ottilie Scarlin,10020217,3,FT,progress,meets,unknown,20,Garik Goatman,"Teresa Boxhall, Bancroft Kairns"
223,Allister Speakman,10020218,2,Part,meets,meets,engage,4,Nessie Sprackling,"Sallee Jedrzejewski, "
224,Bernie Starmont,10020219,2,FT,meets,meets,meets,68,Marianne Stranger,"Timmie Greenland, "
225,Abe Hucker,10020220,1,FT,meets,meets,meets,20,Deloris Downer,"Fionnula Stother, Priscella Grewer"
226,Niki Ambrose,10020221,2,FT,unknown,meets,unknown,24,Keelia Tangye,"Daria Giddins, Brinna Routh"
227,Huntley Ekell,10020222,1,FT,meets,meets,unknown,17,Hermy Paike,"Marillin Roseveare, "
228,Tabbie Stobbs,10020223,1,FT,both,unknown,meets,7,Marvin Hayworth,"Keri Matthensen, Diena Alyutin"
229,Paulette McColl,10020224,3,FT,meets,meets,unknown,5,West Fairman,"Elden Woolforde, Clarisse Hessenthaler"
230,Wendie Edes,10020225,2,FT,meets,meets,meets,27,Sascha Mulleary,"Lennard Glaister, "
231,Harlen Harral,10020226,1,FT,meets,meets,unknown,31,Andonis Kembery,"Ignace Ginnally, "
232,Matteo McClaurie,10020227,2,FT,meets,meets,meets,1,Hynda Bensley,"Arnuad Neles, "
233,Stanislaus Rosini,10020228,1,Part,meets,meets,unknown,30,Hilly Cicero,"Jens Tschersich, "
234,Waldon Stealfox,10020229,3,FT,meets,meets,engage,19,Dudley Wain,"Licha Humberston, "
235,Helli Cheeld,10020230,1,Part,meets,meets,meets,42,Delaney Rolfini,"Charlean Laurenzi, Auroora Wraggs"
236,Bram Cianelli,10020231,4,Part,meets,meets,unknown,61,Delainey Bullick,"Englebert Flement, "
237,Oates Brehault,10020232,2,FT,meets,meets,meets,61,Lolly Hiseman,"Ky Skrine, "
238,Dacy Yezafovich,10020233,1,FT,meets,meets,meets,21,Melisandra Gyorffy,"Colly Gloy, "
239,Willamina Trobey,10020234,1,Part,meets,meets,meets,14,Ottilie Davids,"Verna McAnellye, Zachariah Pennini"
240,Mitzi Kleinhausen,10020235,1,FT,meets,meets,meets,63,Cirillo Karmel,"Bathsheba Vasyutichev, "
241,Courtnay Cheatle,10020236,2,FT,meets,meets,unknown,65,Penny Sagg,"Phylis Heggie, Ynez Giacobini"
242,Maryanna Philliphs,10020237,2,FT,meets,meets,meets,58,Ingrim Philpots,"Joellen Jagson, Ward Schwand"
243,Igor Linster,10020238,4,FT,meets,meets,meets,20,Angele Tupp,"Ed Lappine, Arlina Smallridge"
244,Gertie Ebunoluwa,10020239,2,FT,both,meets,unknown,4,Audra Izaac,"Suki Rubinsztein, Linnet Dudeney"
245,Iain Trammel,10020240,1,FT,meets,meets,meets,52,Auroora Bole,"Mead Orchart, "
246,Conney Mitcham,10020241,3,FT,meets,meets,unknown,13,Dannye Stelfax,"Fidelity de Almeida, "
247,Sadella Sturgess,10020242,3,Part,unknown,meets,unknown,61,Jervis Bratchell,"Shandra Lenden, "
248,Gino Pharo,10020243,1,FT,meets,meets,meets,31,Meade Aloigi,"Nanice Rowcliffe, Maria Leather"
249,Ginny Seals,10020244,4,Part,meets,engage,meets,57,Roanna Fleming,"Morry Coltart, Griffy Cammacke"
250,Vasilis Zamora,10020245,1,FT,meets,meets,unknown,52,Mellicent Cleeton,"Brigham Mcall, Blisse Laffling"
251,Alexander O'Nion,10020246,3,Part,meets,meets,meets,62,Lurette Aimson,"Benedetta Augur, Mozes Fairbourne"
252,Cami Ivashechkin,10020247,3,FT,meets,meets,engage,5,Devonna Bernardoni,"Phelia Meates, "
253,Michaelina Frondt,10020248,2,FT,meets,meets,meets,64,Scotti Mowday,"Malachi Kingswoode, "
254,Hermy Huscroft,10020249,1,FT,meets,meets,meets,56,Mureil Gillfillan,"Alexia Noor, "
255,Sheff Brownsill,10020250,2,FT,meets,meets,engage,6,Aridatha Gionettitti,"Florencia Colleymore, Waite Edleston"
256,Gris Tegler,10020251,2,FT,meets,engage,meets,48,Ellwood Broadfoot,"Dorris Jezard, Maynard Goodbourn"
257,Antonella Eborn,10020252,3,FT,meets,meets,unknown,19,Arline Bodleigh,"Maximilien Bestwerthick, "
258,Valeda Leaves,10020253,1,FT,meets,meets,meets,24,Maryellen Hayselden,"Smith Dorrance, "
259,Kimble Barnardo,10020254,2,FT,meets,meets,meets,28,Eada Moring,"Arlie McGeffen, "
260,Risa Tice,10020255,1,FT,meets,meets,meets,32,Cathrin Casella,"Hadria Khoter, "
261,Reagen Canacott,10020256,3,Part,meets,unknown,meets,39,Scarface Tomaszewski,"Alf Duinbleton, Auberon Yashin"
262,Flore McLeish,10020257,3,Part,meets,meets,meets,38,Vasily Bougen,"Albertine Laydon, Inge Eyam"
263,Fionna Patrie,10020258,1,FT,meets,both,unknown,11,Corny Cosin,"Nikoletta Wheildon, "
264,Charley Brome,10020259,1,Part,meets,meets,unknown,46,Jackelyn Chadband,"Janna Clausius, "
265,Gelya Ranns,10020260,4,FT,meets,meets,unknown,1,Wenona Burcombe,"Hartley Korneichuk, "
266,Dulce Grollmann,10020261,4,FT,meets,meets,unknown,17,Myrtia Innman,"Stearn Playfair, Christian Rideout"
267,Lanni Kaubisch,10020262,1,FT,meets,meets,unknown,61,Dov Hardman,"Julian Rendle, "
268,Olia Coppock.,10020263,3,FT,meets,meets,unknown,11,Flinn Shepstone,"Morris Lelande, "
269,Gloriana Ramstead,10020264,4,FT,meets,meets,meets,70,Carolee Waddam,"Carrissa Glowacz, Tressa Bertholin"
270,Norma Burker,10020265,3,FT,meets,meets,meets,44,Joli Cortese,"Holly-anne Tumpane, Guthry Culleford"
271,Barret Chew,10020266,4,FT,meets,meets,meets,71,Ellwood Duhig,"Breena Wankling, "
272,Myrtie Dorning,10020267,2,FT,meets,meets,unknown,25,Mattheus Artz,"Seline Huster, Wadsworth Barnewell"
273,Marj Bramer,10020268,4,FT,NoMtg,meets,NoMtg,13,Sonnie Jelfs,"Arleen Edgson, "
274,Cynthy Brailey,10020269,3,FT,meets,meets,meets,21,Anthea Doerren,"Grata Boich, Cherrita McKeon"
275,Glynda Janczewski,10020270,3,FT,meets,meets,unknown,60,Nikki Knightley,"Willa Faivre, "
276,Wilmette Semor,10020271,3,FT,meets,meets,unknown,54,Sallie Whitmarsh,"Corine Degoe, Sada Lenchenko"
277,Dora Bartholat,10020272,4,FT,meets,meets,meets,37,Benoite Cuppitt,"Ferguson Wardesworth, "
278,Genia Diamant,10020273,3,FT,meets,unknown,meets,22,Hester Syphas,"Peggi Thorneley, "
279,Fransisco Ansell,10020274,3,FT,meets,progress,unknown,5,Myrle Mattussevich,"Noellyn Hoffman, Gwyn Jotham"
280,Inez Rugg,10020275,3,FT,meets,progress,unknown,44,Flori Skoyles,"Shaylynn Hyndes, Uriel Heselwood"
281,Hagen Sabben,10020276,4,FT,meets,meets,meets,72,Karlan Woolvin,"Wilbert Polkinhorn, Sella Pittaway"
282,Lea Harriss,10020277,3,FT,meets,meets,meets,45,Palmer Osbaldeston,"Marinna Kelsall, "
283,Cobby Grogono,10020278,4,Part,meets,meets,unknown,27,Darill Matuszynski,"Barnaby Heinschke, "
284,Gibb McGeoch,10020279,3,Part,meets,meets,meets,52,Jacintha Peers,"Tatum Tortis, "
285,Wynn Odcroft,10020280,1,FT,meets,meets,both,14,Garik Meigh,"Shelby Vasyaev, Pattie Conibere"
286,Shanna Mapples,10020281,2,FT,meets,meets,unknown,57,Madlen Enstone,"Ethyl Attkins, Urbano Warbys"
287,Mallory Kinneir,10020282,4,FT,meets,meets,meets,42,Robbert Linnett,"Caitlin Bouller, "
288,Carola Lambswood,10020283,3,Part,unknown,meets,meets,54,Edee Longstreeth,"Kienan Mattacks, Chlo Spittle"
289,Staci Fouracres,10020284,3,FT,unknown,NoMtg,unknown,41,Hadria Fathers,"Alfonse Rawlence, Marni Lejeune"
290,Natale Compston,10020285,4,FT,meets,meets,meets,32,Meg Landor,"Devin Stanmore, Arleta Walesby"
291,Herrick Shurman,10020286,3,FT,progress,meets,unknown,51,Inna Kleinerman,"Esra Peealess, Norman Hindge"
292,Hardy Driutti,10020287,3,FT,meets,meets,unknown,62,Hyacinth Aberdeen,"Clemmie Blore, "
293,Teresina Doulden,10020288,1,FT,meets,meets,meets,52,Cobby Lanfere,"Arabela Poutress, "
294,Regina Mechell,10020289,1,FT,meets,meets,meets,13,Brena Elbourn,"Marten Elphee, Kendra Howerd"
295,Fletch Coles,10020290,1,FT,meets,meets,meets,41,Karrie Pettingill,"Layne Hartley, "
296,Minnnie Baudichon,10020291,3,Part,meets,meets,meets,56,Danella Yeabsley,"Nico Hunnicot, "
297,Rosana Heineke,10020292,2,Part,progress,progress,meets,70,Nichole Leahey,"Janelle Maylour, Marietta Zarb"
298,Winna Calleja,10020293,4,Part,NoMtg,meets,meets,45,Gladi Sexty,"Maible Alford, Derek Elletson"
299,Gabbie Bonhomme,10020294,2,FT,meets,meets,meets,17,Marlee Steanyng,"Granny Motto, "
300,Kale Masserel,10020295,3,Part,meets,meets,both,32,Hedi Hullot,"Euell Crossdale, "
301,Audy Warke,10020296,1,Part,meets,meets,unknown,28,Rorke Peckham,"Yulma Tarbatt, "
302,Alicea Adolfson,10020297,3,FT,meets,meets,unknown,44,Leeland Cranna,"Sharline Abberley, "
303,Elianora Chopping,10020298,4,FT,meets,meets,unknown,23,Richardo Younge,"Noellyn Akast, Gordan Van Vuuren"
304,Bibby O'Shavlan,10020299,3,FT,progress,meets,unknown,69,Kathy Corter,"Maurise Penfold, Vladamir Grievson"
305,Tersina Elloway,10020300,3,FT,meets,meets,unknown,12,Jorrie Leynham,"Sandro Fruchter, "
306,Odelia Angel,10020301,1,FT,meets,meets,meets,13,Branden Minchindon,"Lorraine Pester, "
307,Alvin Lowthian,10020302,4,FT,meets,meets,unknown,2,Myron Booton,"Isabel Paquet, "
308,Margaux Arnau,10020303,1,FT,meets,meets,engage,34,Clay Kershaw,"Dennison Losebie, Asia Priestland"
309,Rachele Erb,10020304,1,FT,progress,meets,meets,15,Ferdinande Schach,"Nero Huttley, Dianna Scutt"
310,Lutero Bigland,10020305,2,FT,meets,meets,meets,67,Benjy Faveryear,"Golda Brockley, "
311,Sondra Arnason,10020306,2,FT,meets,meets,meets,8,Felipe Leguay,"Rona Threadgould, "
312,Ninette Harrie,10020307,1,FT,meets,meets,meets,16,Burg Cunnane,"Inger Cannan, Frieda Walburn"
313,Bev Rispen,10020308,4,FT,meets,meets,meets,38,Franklyn Birchall,"Gwyn Wattins, "
314,Ezri Amos,10020309,1,Part,meets,meets,unknown,41,Cybil Dorn,"Lani Dytham, "
315,Ailis Martygin,10020310,1,FT,unknown,meets,engage,13,Ernaline Abelson,"Galina Iggo, "
316,Henrie Spray,10020311,1,FT,meets,meets,unknown,12,Harwell Cocozza,"Beth Macveigh, "
317,Gilemette Antonognoli,10020312,1,FT,meets,meets,meets,53,Onfre Linley,"Konstantine Trowl, Hasheem Toynbee"
318,Sauncho Chalfont,10020313,4,FT,meets,both,unknown,4,Jens Care,"Quincey Huthart, "
319,Pearce Stronach,10020314,2,FT,meets,meets,unknown,47,Jillene Barlthrop,"Rowen Giacomoni, Antoinette Cattermole"
320,Sunshine Pinfold,10020315,4,FT,meets,meets,meets,66,Riccardo McKerley,"Livvyy Rogers, "
321,Hale Collinson,10020316,1,FT,meets,meets,meets,48,Thibaud Buchanan,"Ashton Bover, "
322,Ammamaria Dalmon,10020317,1,Part,meets,meets,meets,28,Phyllida Domelow,"Jervis Dawson, "
323,Derril Monelle,10020318,1,FT,meets,meets,meets,25,Ginevra Oldmeadow,"Tome Killgus, "
324,Alexine Collopy,10020319,2,FT,meets,meets,unknown,61,Oralie Beddin,"Nikki Menghi, "
325,Joseph Gehrts,10020320,3,Part,progress,meets,unknown,68,Joan Ivashkin,"Oren Shepherdson, "
326,Claribel Pallister,10020321,3,FT,meets,meets,meets,2,Pier Ruter,"Desiri Grice, "
327,Ailis Lain,10020322,3,FT,meets,meets,unknown,23,Berk Dohms,"Anita Stobart, "
328,Celestina Niblo,10020323,2,FT,meets,meets,unknown,49,Kearney Bratch,"Burg Innwood, Patten Cooksey"
329,Matti Brockwell,10020324,4,FT,meets,meets,meets,1,Micki Coenraets,"Joby Dungey, "
330,Kaylyn Sauvan,10020325,2,Part,meets,meets,meets,33,Yoshi Scruton,"Wes Oliver, Mordy Gossan"
331,Panchito De Roeck,10020326,2,FT,meets,meets,unknown,35,Leanor McCarl,"Grove Whetson, "
332,Rebeka Trainer,10020327,4,FT,meets,meets,NoMtg,2,Monro Peyro,"Cam Vogelein, "
333,Joanne Skala,10020328,3,Part,meets,meets,meets,24,Filberto Linke,"Pammie Farmiloe, "
334,Bear Campo,10020329,1,FT,meets,meets,meets,25,Gonzales Northage,"Shirlee Spargo, "
335,Liz Pietranek,10020330,4,Part,meets,unknown,meets,45,Sheffie Hefford,"Johan Dabs, Harper Backwell"
336,Alexandre Roder,10020331,1,Part,meets,unknown,meets,6,Avigdor Friar,"Sergei Iacovazzi, "
337,Benedikta Keijser,10020332,2,FT,meets,meets,meets,1,Graeme Marling,"Jamill Billie, Binky Flement"
338,Bellanca Brattell,10020333,3,FT,meets,meets,unknown,18,Elsi Jeeves,"Thacher Cowen, "
339,Alexandros Axup,10020334,3,FT,meets,meets,unknown,1,Auguste Macallam,"Alfons Kemell, "
340,Gardener McTavish,10020335,4,Part,meets,meets,unknown,19,Talya McAnulty,"Rosella Lutzmann, Marion Buckland"
341,Shelbi Jopke,10020336,2,Part,meets,meets,unknown,5,Desi Sarton,"Ximenes Vanderson, Grady Sollett"
342,Ibby Gunton,10020337,2,FT,both,meets,unknown,40,Cozmo De Carlo,"Inez Moyle, "
343,Blakeley Ensley,10020338,1,FT,meets,meets,meets,19,Karee Hastelow,"Kendricks Bovis, Marlyn Grishukov"
344,Carri Spenley,10020339,3,Part,meets,meets,unknown,31,Virge Rosencrantz,"Becki Sickling, "
345,Debby Hamberstone,10020340,3,FT,meets,meets,meets,24,Kory Beardow,"Beatrice McCarl, "
346,Fred Raffin,10020341,1,FT,meets,meets,NoMtg,26,Crichton Leech,"Lizette Worssam, Bert Derrett"
347,Faith Menham,10020342,2,Part,meets,meets,meets,46,Fidole Tinline,"Christian Worrell, Emmalynn McGloughlin"
348,Lissy Brearton,10020343,1,FT,meets,meets,unknown,8,Tiphany Heinish,"Ailene Twinn, Reidar Robrow"
349,Aviva Riseborough,10020344,4,FT,meets,meets,meets,15,Ignacius Parell,"Ceciley Gusney, "
350,Moise Reside,10020345,1,Part,meets,meets,meets,27,Clemente Orrock,"Jaclin Shawyers, Gaultiero Tarbox"
351,Ilysa Ricci,10020346,1,FT,meets,meets,meets,49,Janot Doers,"Blancha Flatman, "
352,Wrennie Tootell,10020347,1,FT,meets,meets,meets,10,Mac Gallaccio,"Glennis Petrolli, Nettle Monsey"
353,Kally Gadeaux,10020348,3,Part,meets,meets,meets,5,Justus Youdell,"Karyn Agar, "
354,Clyve Sacaze,10020349,4,Part,meets,meets,meets,57,Shawnee Grimwade,"Asher Caudell, "
355,Agnola Thody,10020350,4,FT,meets,meets,unknown,62,Brook Barajas,"Simone McGeraghty, "
356,Clary Marden,10020351,2,Part,meets,meets,unknown,52,Daune Tawton,"Caritta Polon, Valentino Auld"
357,Kylie Leeves,10020352,2,FT,meets,meets,meets,26,Eva Kelsey,"Shalne Secretan, "
358,Agathe Boxen,10020353,2,FT,meets,meets,meets,49,Uta Nansom,"Jesus Usher, Marline Kingsford"
359,Quintana Kimbly,10020354,1,FT,meets,meets,unknown,27,Leontine Le Clercq,"Karine Bouldstridge, "
360,Serge McIlvoray,10020355,3,FT,meets,meets,unknown,38,Ali Kinnoch,"Devonna Courtenay, Hal Woodruffe"
361,Grier Kryzhov,10020356,4,FT,meets,meets,meets,59,Ives Inglefield,"Petronilla Wardle, Humfried Cullnean"
362,Cordi Mielnik,10020357,4,FT,meets,meets,engage,12,Jamie O'Luby,"Eda Rabley, "
363,Gabe Thewless,10020358,3,FT,meets,meets,unknown,46,Marybeth Duligall,"Benedetta Paudin, "
364,Chandra Ounsworth,10020359,2,Part,meets,unknown,unknown,62,Deane Merrett,"Candide Sabatini, "
365,Cynthie Shall,10020360,2,Part,meets,meets,meets,71,Gianni Ghost,"Lind Lartice, "
366,Matteo Luckin,10020361,1,Part,meets,meets,unknown,49,Gothart Albisser,"Shaina Heephy, "
367,Hester Feighry,10020362,3,FT,meets,meets,meets,20,Carleen Descroix,"Wald Stolle, Serena Kestell"
368,Lorilyn MacClenan,10020363,3,Part,meets,meets,meets,50,Alecia Riddington,"Munroe Grief, Douglass Bollom"
369,Stillman D'Onise,10020364,3,Part,meets,meets,meets,62,Milton McLemon,"Hugh Kincey, Shelley Gresch"
370,Jaquenetta Nutkins,10020365,3,Part,meets,meets,unknown,64,Jamill Stit,"Mayor Olekhov, "
371,Sue Hutchinson,10020366,1,FT,meets,meets,unknown,31,Skip Boxall,"Chaddie Parris, "
372,Crosby Spieght,10020367,1,Part,meets,meets,unknown,26,Giorgia Huckfield,"Elicia Collick, "
373,Stillmann Joincey,10020368,4,FT,meets,meets,NoMtg,67,Jemmy Shiel,"Dale Ovens, "
374,Callida Wahlberg,10020369,4,Part,meets,meets,meets,45,Brnaby O'Halligan,"Ellyn Martinho, "
375,Davon Devennie,10020370,3,Part,NoMtg,meets,meets,15,Rolando Dahlback,"Mirabel Caudray, Amelita Shrieves"
376,Kimbell Benardet,10020371,1,FT,progress,meets,progress,46,Cornell Bewsy,"Essy Pinks, "
377,Wittie Shallow,10020372,4,FT,meets,meets,meets,58,Chickie Mackinder,"Livy Francecione, "
378,Trenna Steffans,10020373,3,FT,meets,meets,meets,36,Maddy Wield,"Timmi Ollerhead, "
379,Brice Beelby,10020374,2,FT,progress,meets,unknown,30,Halsy Burhouse,"Clerkclaude Firebrace, Missy Rubens"
380,Jody Tipens,10020375,4,FT,meets,meets,meets,52,Henri Stanyard,"Andrey De Nisco, "
381,Carlo Durden,10020376,3,FT,meets,meets,progress,53,Selia Loidl,"Claus Chue, Ania Ipwell"
382,Merna Watmough,10020377,3,FT,meets,meets,unknown,35,Emanuel Murdoch,"Car Levens, "
383,Creigh Kenyon,10020378,1,FT,meets,meets,unknown,50,Janeta Penchen,"Billy Boydon, Chad Byham"
384,Kate Faier,10020379,2,FT,meets,meets,unknown,69,Tory Totman,"Hillery Rickford, Hurley Woolfoot"
385,Percy Thoms,10020380,2,Part,meets,meets,meets,41,Jourdan Winterbottom,"Valene Augustin, "
386,Neilla Gremane,10020381,3,Part,meets,meets,meets,8,Agata Beatty,"Eliza Mc Giffin, "
387,Kassandra Heitz,10020382,2,FT,meets,meets,unknown,40,Lilian Whild,"Sharyl Kendrick, Fanya Marrett"
388,Denny Barrows,10020383,3,FT,meets,meets,meets,51,Anni Ineson,"Nelly Wyles, Franny Girvan"
389,Brockie Biasioni,10020384,2,Part,meets,meets,progress,34,Adelaide Isakovic,"Bordy Geeraert, "
390,Jameson Zute,10020385,1,Part,meets,meets,unknown,11,Meridith O'Carney,"Frankie Gindghill, Anatola Willden"
391,Herby Glanfield,10020386,2,FT,meets,engage,unknown,25,Evangeline Fountian,"Jorie Gatecliff, Leeanne Frizzell"
392,Kippie Marklew,10020387,3,FT,meets,meets,meets,38,Gregoor Sinclaire,"Locke Chevis, Dania Sargerson"
393,Terri-jo Katt,10020388,1,FT,meets,meets,engage,25,Glynn Workes,"Nolie Dowtry, "
394,Lindy Partridge,10020389,1,FT,engage,meets,meets,13,Gare Olennikov,"Frazier Hundall, Sarette Chapling"
395,Crichton Thorneywork,10020390,1,Part,meets,meets,meets,21,Geri Ridewood,"Lorilyn Dodle, "
396,Uriah Klaessen,10020391,1,FT,meets,engage,meets,23,Tallulah Jurgenson,"Petronia Kirke, Thurston Bondley"
397,Armstrong Brazear,10020392,4,Part,meets,meets,meets,17,Moishe De Mattei,"Henrik Zelake, Janie Butt Gow"
398,Caprice Darnell,10020393,4,FT,meets,meets,unknown,42,Niels Sinkings,"Chelsey Cary, Lyndsie McGray"
399,Lucie Holgan,10020394,3,FT,meets,meets,unknown,29,Cole Skip,"Stillman Sibson, Sidney Ritch"
400,Luella Longstreeth,10020395,1,FT,meets,NoMtg,unknown,35,Osbert Face,"Darcy Jouanny, "
401,Sven Giblett,10020396,2,FT,meets,meets,meets,53,Yance Barnet,"Butch Galbreath, Leyla Junifer"
402,Tiphany Byrnes,10020397,2,FT,meets,meets,unknown,24,Devora Hemmingway,"Bondy Lanfear, "
403,Kelsey Hourihan,10020398,2,FT,meets,meets,engage,39,Neal Negus,"Humbert Desson, "
404,Erda Dreossi,10020399,4,FT,meets,progress,unknown,62,Lenore Giveen,"Tasha Bouette, "
405,Verge Snelgrove,10020400,1,FT,meets,both,meets,15,Annabal Francillo,"Brant Wedgbrow, "
406,Sheilah Marquiss,10020401,3,FT,meets,meets,meets,55,Almira Dumbare,"Martha Kentish, "
407,Noreen Vaudre,10020402,1,FT,meets,meets,meets,59,Dodi Ilyinykh,"Fabian M'Quhan, "
408,Valerie Klimentov,10020403,2,FT,meets,meets,unknown,46,Rhea Pymer,"Stu Flintoff, "
409,Say Pinnijar,10020404,1,FT,meets,meets,unknown,48,Maible Melbury,"Delmar McCulloch, "
410,Krispin Mohammad,10020405,1,FT,meets,meets,unknown,17,Charlot Yankin,"Klarika Ellsom, "
411,Marten Flewett,10020406,1,FT,both,meets,meets,48,Archibold Dumingo,"Katherine de Najera, Issy Saint"
412,Waldo Buckthorp,10020407,4,FT,engage,meets,unknown,25,Kamillah Kite,"Shay Goeff, "
413,Neddie Guillard,10020408,1,FT,meets,meets,unknown,23,Orsa Raylton,"Maridel Slee, "
414,Wayne Bondy,10020409,4,FT,meets,meets,meets,10,Herbert Allport,"Bobbe Coronado, "
415,Vite Quinn,10020410,1,FT,meets,progress,meets,12,Antin Bysaker,"Marissa Saket, "
416,Tania Drayson,10020411,3,FT,unknown,meets,unknown,34,Nadeen Tompion,"Gerri Vasyatkin, "
417,Ginni Joiner,10020412,4,FT,meets,meets,unknown,41,Cosmo Coule,"Cacilie Tock, Helaina Aymer"
418,Percival Kleinfeld,10020413,2,FT,meets,meets,unknown,60,Willetta Huot,"Jennica Pawnsford, Marlon Faichnie"
419,Putnem Berget,10020414,3,FT,meets,meets,meets,56,Bryna Stroyan,"Carver Wemm, "
420,Melany Schermick,10020415,1,FT,meets,meets,meets,63,Tallie D'Hooghe,"Adriane Thornber, Julius Gaynor"
421,Nelli Cowp,10020416,1,FT,meets,meets,unknown,43,Shelley Okker,"Jesse Kahane, "
422,Oralie Beatson,10020417,1,FT,meets,meets,unknown,4,Avrom Loughren,"Cristian Resun, "
423,Codi Vallance,10020418,1,FT,meets,unknown,meets,10,Isaak Arrell,"Malory Meddick, "
424,Octavius Rubenov,10020419,2,FT,meets,meets,unknown,53,Vanni Aleksankin,"Eachelle Fine, "
425,Doretta Matuszinski,10020420,1,FT,meets,both,unknown,56,Maggee Ratley,"Torin Reddihough, "
426,Gustave Leving,10020421,4,FT,meets,meets,meets,45,Karen Seeger,"Kimberley Billsberry, "
427,Jonie Summerhayes,10020422,1,FT,meets,meets,unknown,65,Cosette Biddlestone,"Umberto Rojahn, Gratia Blinkhorn"
428,Gaultiero Kilminster,10020423,1,FT,meets,meets,unknown,11,Merrill Davidson,"Dav Brimman, "
429,Hesther Winscomb,10020424,4,Part,meets,meets,unknown,55,Torin Yewdale,"Rowney Wiley, Corina Goffe"
430,Dyanne Dron,10020425,1,FT,meets,engage,unknown,14,Nikolaos Stanger,"Cchaddie Tarply, Benedict Brennand"
431,Anselma Daymond,10020426,4,FT,meets,meets,meets,25,Joyous Dronsfield,"Ernst Harbage, "
432,Annabel Whimp,10020427,4,FT,meets,meets,meets,10,Perkin Hinkes,"Winston Laboune, Carlyle Ancliffe"
433,Tybie Mapston,10020428,4,Part,meets,meets,meets,72,Garnette Puddin,"Alisha Kerfoot, "
434,Kellen Checkley,10020429,1,FT,meets,meets,unknown,64,Keary Standall,"Darda Antonijevic, "
435,Ilka Aukland,10020430,2,Part,meets,meets,meets,2,Stephanus Mardoll,"Townie McDill, Benny Malter"
436,Taddeo Ferrao,10020431,4,FT,meets,meets,meets,22,Orson Raye,"Clementine Baytrop, "
437,Elke Eaddy,10020432,3,Part,meets,NoMtg,meets,50,Mallory Leveret,"Pinchas Ramelet, Zea Langfield"
438,Ernst Robardet,10020433,3,FT,meets,engage,meets,25,Teresa Bedell,"Ludovika Simyson, Pearline Putson"
439,Betta Feares,10020434,4,FT,meets,meets,meets,44,Estelle Lutzmann,"Elaina Antoniottii, Vladamir Lidgate"
440,Emelina Henkens,10020435,4,Part,meets,NoMtg,meets,42,Demetris Gerckens,"Abel Garrould, "
441,Barb Eagar,10020436,1,FT,meets,meets,meets,18,Alex Bolland,"Winifred Blanshard, Kali Debling"
442,Wilone Ramelet,10020437,3,FT,meets,both,engage,40,Dannie Cisec,"Galvin Miklem, "
443,Mildrid Cleveley,10020438,1,FT,meets,meets,meets,16,Barde Baptie,"Yvonne Cornil, "
444,Leon Izzatt,10020439,1,FT,meets,meets,progress,64,Cirilo Tarbet,"Devlen Klima, "
445,Jorrie Mighele,10020440,2,FT,meets,meets,meets,60,Stacie Gallichiccio,"Creigh Rylatt, Maudie Selwyn"
446,Patric Stoll,10020441,1,Part,meets,progress,unknown,7,Enrika Dudhill,"Giffard Berndtssen, "
447,Reinald Wookey,10020442,4,FT,meets,meets,meets,20,Guglielmo Burles,"Cymbre Alenshev, Deni Lofty"
448,Cristin Kilbourn,10020443,3,FT,meets,meets,meets,37,Alastair Peter,"Wileen Atrill, "
449,Tiff Bullan,10020444,3,FT,meets,meets,meets,54,Hannis Lynnitt,"Ruben Weond, "
450,Ariela Hammor,10020445,3,Part,meets,meets,meets,19,Edie Ludewig,"Sophie Faccini, Mariam Baxstare"
451,Bobbie Henker,10020446,4,Part,meets,meets,unknown,72,Nora Raiston,"Connie Gullane, "
452,Genevra Hardison,10020447,2,FT,meets,meets,meets,23,Patin De Lascy,"Christie Dodman, "
453,Reggy Quiddihy,10020448,3,FT,meets,meets,unknown,68,Filippa Luckin,"Devy Inkles, "
454,Elnora Monteith,10020449,3,FT,NoMtg,meets,meets,56,Tremayne Falvey,"Jilleen Benley, "
455,Godwin Peaker,10020450,2,FT,meets,meets,meets,50,Wynnie McCullouch,"Olenolin Waters, "
456,Barnabas MacCathay,10020451,2,FT,meets,meets,unknown,39,Kenton Crake,"Lorena Negri, "
457,Ursala Malkinson,10020452,3,FT,meets,meets,meets,9,Sadella Grayson,"Roley Morillas, "
458,Gun Pimlock,10020453,1,FT,meets,meets,meets,7,Crin Shoulder,"Oliviero Salt, "
459,Merridie Goncaves,10020454,2,FT,meets,meets,unknown,48,Claudetta Mogie,"Delano Godbert, "
460,Penrod Dorracott,10020455,1,FT,both,meets,meets,54,Mirelle Morot,"Scot Kyd, Emmett Blouet"
461,Theodora Bengefield,10020456,2,FT,meets,meets,progress,13,Cornela Card,"Elbert Beagrie, "
462,Nealy Grissett,10020457,2,FT,meets,meets,meets,14,Louis Jacomb,"Orelia Iannuzzi, Granville Binning"
463,Alejoa Shawyer,10020458,4,Part,meets,meets,meets,31,Marty Turland,"Leland Slopier, Mehetabel Mardling"
464,Jorrie Devenny,10020459,4,Part,meets,meets,both,24,Adelina Dabling,"Alma Dollin, "
465,Fleurette Biddles,10020460,1,FT,meets,meets,meets,44,Selie Krystof,"Oswell Dansey, "
466,Angela Sheringham,10020461,2,FT,meets,meets,unknown,17,Hendrika Chidgey,"Wilek Akester, Bibi Scrivinor"
467,Ansley Orpwood,10020462,4,FT,meets,meets,meets,45,Melisent Muccino,"Netti Duddell, Peggy Blackadder"
468,Nanny Cordy,10020463,1,FT,meets,meets,meets,10,Min Carbery,"Allissa Dwelley, Adrea Sivewright"
469,Nerita Kerrey,10020464,4,FT,meets,meets,unknown,70,Trefor Deacock,"Nadine Akers, "
470,Hallsy D'Aeth,10020465,2,FT,meets,meets,meets,68,Jonis Stayte,"Bent Pothergill, "
471,Joey Gonnard,10020466,4,FT,meets,progress,unknown,67,Wyatt Roose,"Maurita Tolcher, "
472,Francisco Hainey,10020467,1,Part,meets,engage,unknown,27,Lucinda Castilla,"Lovell Raiston, Rici Handrick"
473,Cyndia Readwing,10020468,3,FT,meets,meets,meets,46,Ephraim Cathel,"Zared Newson, Carine Pele"
474,Lyssa Yard,10020469,2,FT,engage,meets,unknown,8,Teressa Thomsson,"Irvine Rackstraw, Morley Bracegirdle"
475,Jenica Freshwater,10020470,2,FT,meets,meets,meets,58,Britteny Gribbon,"Georgianna Treswell, Joyan Filasov"
476,Wendall Benardette,10020471,3,FT,meets,meets,unknown,13,Ramonda Husband,"Lorine Jubert, Em Hincks"
477,Corri Dossetter,10020472,4,FT,meets,meets,meets,62,Bryant Spinnace,"Vanda Yoxen, Neal Gavriel"
478,Loralyn Gobolos,10020473,1,FT,meets,meets,both,53,Duff Willoughway,"Jeanette Binding, "
479,Pia Valentelli,10020474,1,FT,meets,unknown,engage,69,Rosabella Redwall,"Gonzales Basile, "
480,Ede MacPake,10020475,3,FT,NoMtg,meets,unknown,27,Celina Farris,"Geoffrey Delwater, Roz Browell"
481,Marika Winnard,10020476,4,FT,meets,meets,unknown,22,Barbie Rumsey,"Janey Rizzotto, "
482,Darbee Lipson,10020477,3,FT,meets,meets,meets,18,Rania Frankel,"Haley Huyge, "
483,Lamond Flores,10020478,1,Part,meets,meets,unknown,67,Jaquenetta Moehle,"Florette Hockell, "
484,Cammi Duny,10020479,3,FT,meets,meets,meets,58,Ode Dugald,"Johann Troctor, Nathanil Newlin"
485,Archie Macconachy,10020480,3,FT,meets,engage,meets,2,Kakalina Onge,"Jemie Hearsey, Torie Jaumet"
486,Ulrike Ricardon,10020481,2,FT,meets,meets,meets,10,Dirk Muggleton,"Vinita Whooley, Clive Denley"
487,Elaine Callen,10020482,4,Part,meets,meets,meets,47,Morrie McWilliam,"Joan Robben, Caddric Patey"
488,Lyell Remer,10020483,3,FT,meets,unknown,engage,27,Charis Peckitt,"Catina Carette, Curtis Ferns"
489,Erma Pledge,10020484,3,Part,meets,meets,unknown,3,Kaylee Janek,"Livvy Sizzey, "
490,Larine Leghorn,10020485,3,Part,progress,meets,engage,43,Dynah Germain,"Winny Ganny, "
491,Pauly Dakhov,10020486,1,FT,meets,meets,meets,40,Yolanthe Perett,"Riannon Golthorpp, "
492,Chere Perford,10020487,4,Part,progress,meets,meets,17,Horten Ffrench,"Marchelle Wethey, Rawley Gillinghams"
493,Fredek MacFayden,10020488,1,FT,NoMtg,NoMtg,unknown,56,Mellicent Seymour,"Pincas Fernie, "
494,Marjie Duigan,10020489,1,Part,meets,meets,meets,56,Gonzales Tinton,"Roxi Fredi, "
495,Hurley Billingsly,10020490,1,FT,meets,meets,meets,60,Carce Fender,"Rubina Wonter, "
496,Cleopatra Scraggs,10020491,4,Part,both,meets,meets,33,Dukey Dexter,"Verna Ewbank, "
497,Stavro Goudie,10020492,4,FT,meets,meets,meets,43,Elena Woodroffe,"Shawn Deener, "
498,Haydon McCullogh,10020493,4,FT,meets,meets,unknown,25,Aurore Videan,"Kimberly Dainter, Miles Mithun"
499,Helge Woolhouse,10020494,1,Part,meets,meets,meets,17,Frayda Berns,"Jim Leare, "
500,Camel Baish,10020495,1,FT,meets,meets,meets,38,Derick Ledgerton,"Mira Barribal, "
501,Raff Hunstone,10020496,4,FT,meets,meets,unknown,60,Ban Pedlingham,"Rubia Blackney, "
502,Hunfredo Bellanger,10020497,4,Part,meets,meets,unknown,43,Marina Beamiss,"Leandra Prattington, "
503,Ellen Crossby,10020498,2,Part,meets,meets,unknown,10,Maggi Schimmang,"Roldan Bredbury, Julianne Spittles"
504,Cilka Oneal,10020499,2,Part,meets,meets,unknown,9,Celka Bellelli,"Stephie Stansell, "
505,Foster Winridge,10020500,4,Part,unknown,progress,engage,55,Cristionna Halversen,"Elroy Bernadot, Benedicto Haly"
506,Etty Jenner,10020501,4,FT,meets,meets,meets,11,Royce Sapsed,"Olympie Standrin, "
507,Filberte Ewens,10020502,2,FT,meets,meets,meets,15,Kerr Wadie,"Field Verzey, "
508,Cathie Gowling,10020503,3,FT,NoMtg,meets,unknown,44,Amitie Dudden,"Krisha Challen, "
509,Almire Couvert,10020504,3,FT,meets,meets,engage,34,Grace Newcomb,"Haywood Tows, Shanan Reeman"
510,Karlene Sleeny,10020505,4,Part,meets,meets,engage,65,Arther Wadman,"Moyra Camelli, "
511,Freida Aveline,10020506,4,Part,meets,meets,unknown,41,Marysa Kirley,"Irene Harvie, "
512,Dayle Keywood,10020507,1,FT,meets,meets,both,45,Borden Kenryd,"Amery Kinzel, Shermie Shapera"
513,Cedric Mathys,10020508,4,FT,meets,meets,meets,33,Dacey Corben,"Konrad Beek, "
514,Evin Cornu,10020509,1,FT,meets,meets,progress,19,Domeniga Youngman,"Beaufort Paxeford, "
515,Sheri Ghelerdini,10020510,1,Part,NoMtg,meets,unknown,44,Demetris Knudsen,"Lilla Simonetti, Isidor Miche"
516,Alyss Wakefield,10020511,4,FT,meets,meets,meets,37,Clarine McCarver,"Timotheus Hynes, Vanya Railton"
517,Kele Dubois,10020512,3,Part,meets,meets,unknown,65,Margarette Glasscoo,"Gerard Swainsbury, "
518,Shae Gepson,10020513,2,FT,meets,meets,unknown,71,Yorke Keeri,"Ilka Stalman, Emily Simenon"
519,Renell Todd,10020514,2,FT,meets,meets,meets,45,Kippy Sabie,"Rhonda Paschek, "
520,Whit Cuolahan,10020515,4,FT,meets,meets,meets,23,Jill Bartoleyn,"Valaree Roote, Barnard Kirsz"
521,Kathe Cuddon,10020516,1,FT,meets,meets,meets,45,Gretna Sharrier,"Estevan Brogan, "
522,Andree Budget,10020517,4,Part,meets,meets,unknown,34,Martica Toft,"Sherlock Calvard, Desi Coleridge"
523,Annmarie Hamshar,10020518,3,FT,meets,meets,unknown,20,Cher Astbery,"Hermon Klug, "
524,Dew Burdon,10020519,4,FT,meets,unknown,meets,68,Chevalier Unstead,"Adelaide Toulson, "
525,Bab Worlidge,10020520,3,FT,unknown,meets,unknown,2,Amber Langstaff,"Padraic Reding, "
526,Dallas Spiby,10020521,2,FT,meets,meets,unknown,17,Cesya Whiten,"Shaine Stopher, "
527,Fiona Santus,10020522,1,FT,meets,meets,meets,18,Nikolai Cooke,"Vitia Betton, "
528,Samantha Barrie,10020523,2,FT,meets,meets,unknown,25,Mike Sage,"Matilda Beadnall, Shayne Jedrzejczyk"
529,Billy Bryson,10020524,2,FT,meets,meets,unknown,45,Dur Christin,"Fanechka Costelloe, "
530,Harrietta Castri,10020525,1,FT,meets,NoMtg,meets,4,Silva Cromley,"Leisha Wann, Nelia Rallin"
531,Baron Cartmill,10020526,3,FT,meets,meets,meets,40,Kit Mewe,"Cordi Osbourn, "
532,Cindi Hallede,10020527,1,FT,meets,meets,unknown,33,Dawna Kenright,"Verena Shackell, "
533,Linda Pulman,10020528,4,FT,meets,meets,unknown,11,Rodrique Downing,"Aubry Lysons, "
534,Shurlock Iskower,10020529,2,Part,meets,unknown,engage,46,Glen Lamberto,"Nisse Heathwood, Amanda Licquorish"
535,Bancroft Hagley,10020530,4,FT,meets,meets,unknown,52,Annabell McIllrick,"Ariadne Durman, "
536,Alex Lawles,10020531,1,Part,meets,meets,unknown,50,Aloise Weighell,"Kaja Ivanyukov, Cloris Franzoli"
537,Shoshanna Malzard,10020532,3,FT,meets,meets,meets,32,Demetria Garrelts,"Alaster Twycross, "
538,Nichole Cawthery,10020533,3,FT,meets,engage,meets,25,Rosamund Cassedy,"Gene Towersey, "
539,Ragnar Gershom,10020534,3,FT,meets,meets,unknown,71,Linnea Cabotto,"Armstrong Casemore, "
540,Jerrilee Wakelin,10020535,2,FT,meets,meets,meets,46,Iain Bernardotti,"Silvanus McMorland, Lynn Odd"
541,Ali Webb,10020536,3,FT,meets,meets,unknown,14,Ronnica Kubiak,"Dorine Frohock, "
542,Lindsey Pain,10020537,3,FT,meets,meets,unknown,67,Odie Handscomb,"Karie Wilhelmy, "
543,Mark Whitehall,10020538,4,FT,meets,meets,unknown,9,Franni Lukes,"Darb Beauly, "
544,Karoly Jaggers,10020539,2,FT,meets,meets,unknown,58,Corbett Lumpkin,"Bonny Dobney, "
545,Kaitlin Dukes,10020540,4,FT,progress,meets,unknown,14,Gil Mariel,"Tamiko Juris, "
546,Dorothee Mereweather,10020541,3,FT,engage,meets,unknown,42,Grange Possek,"Sheffy Richmond, "
547,Camilla Corter,10020542,3,FT,meets,meets,meets,24,Doria Keedwell,"Erminia Suttling, "
548,Parsifal Dachs,10020543,2,FT,meets,meets,unknown,60,Millard Aubrun,"Alyss Muddle, Kata Ianitti"
549,Ransell Caston,10020544,1,FT,meets,meets,unknown,53,Alayne des Remedios,"Kenneth Santhouse, "
550,Terry Macvain,10020545,1,FT,meets,meets,meets,41,Mildrid Di Roberto,"Chalmers Ternouth, Simone Carbett"
551,Christy Mabbett,10020546,2,FT,progress,meets,meets,13,Holt Bourdas,"Carma Galliver, "
552,Hervey Beiderbeck,10020547,4,FT,meets,meets,meets,13,Harlan McCrachen,"Abby Hedge, "
553,Elyssa Tollerton,10020548,3,FT,meets,meets,unknown,65,Carolin Pollitt,"Bettina Hurran, Bessy Barfoot"
554,Lula Herkess,10020549,2,Part,meets,meets,meets,13,Lancelot Aurelius,"Yalonda Pawlyn, Larina Bernhardi"
555,Gael Nerne,10020550,1,FT,NoMtg,meets,unknown,32,Foster Polglase,"Jessamyn Bazoche, "
556,Jaclin Castelyn,10020551,4,FT,meets,progress,unknown,71,Ania Bernot,"Lianne Pedlingham, "
557,Ardeen Gabriel,10020552,3,Part,meets,meets,meets,7,Aldwin Greenough,"Hunt Scogin, Ilario Brownbill"
558,Gussie Yeulet,10020553,4,FT,meets,meets,engage,39,Ami Doige,"Loraine Knewstubb, "
559,Allie Paulitschke,10020554,4,FT,meets,meets,meets,60,Benito Taylerson,"Tybie Scardifield, "
560,Ingrim Ciabatteri,10020555,3,Part,meets,meets,meets,25,Missy Lambourn,"Leonore Sammonds, "
561,Brien Meachen,10020556,3,Part,meets,meets,unknown,23,Kai Peracco,"Jilleen Luckett, "
562,Lynnea Outibridge,10020557,1,FT,meets,meets,meets,32,Northrop Studdard,"Gilberta Southgate, Benny Garnul"
563,Crawford Leary,10020558,1,Part,meets,meets,unknown,72,Marylynne Durling,"Lambert Estick, Ema Lawman"
564,Elwood Wretham,10020559,1,FT,meets,meets,meets,1,Hilda Bickerstaffe,"Wes Dowrey, Peterus Haycock"
565,Brendin Roset,10020560,4,FT,meets,meets,meets,38,Dedra Belt,"Kellyann Gaukroger, Pattie Kinleyside"
566,Hailey Spaduzza,10020561,1,FT,meets,unknown,unknown,18,Sargent Cutforth,"Alaster Edeler, "
567,Donnell Scones,10020562,4,FT,meets,meets,unknown,61,Aeriel Tussaine,"Sascha Littlefield, "
568,Clarey Arnison,10020563,3,FT,meets,meets,unknown,66,Ludovika Furzey,"Terrill Gritland, Christin Rostern"
569,Mattie Nurdin,10020564,2,FT,meets,meets,meets,37,Saidee Binner,"Anjanette Rodda, "
570,Norina Autin,10020565,1,FT,meets,meets,unknown,19,Merry Hutable,"Murial Garrick, "
571,Burg Palley,10020566,2,FT,meets,meets,meets,2,Eirena Bairstow,"Reid Winsbury, Effie Rann"
572,Clare Gibbie,10020567,3,FT,meets,progress,unknown,63,Amble Reihill,"Richmond Willcot, "
573,Dottie Jarret,10020568,4,Part,unknown,meets,meets,62,Valeria Toller,"Isacco Mitchener, Babette Foynes"
574,Vida Cockshutt,10020569,1,Part,meets,meets,unknown,66,Jermain Chattaway,"Sergei Bonefant, "
575,Cristine Harvison,10020570,4,Part,meets,meets,both,72,Gwyn Brodeau,"Kristy Acarson, "
576,Claudetta Cudmore,10020571,3,FT,meets,NoMtg,unknown,51,Benedetto Aberdein,"Neron Brayley, "
577,Pete Stonary,10020572,3,FT,meets,meets,meets,25,Jervis Caldecutt,"Florina Gini, Daffi Deek"
578,Karla Tunbridge,10020573,4,FT,meets,meets,unknown,45,Ardis Macauley,"Agnes Clemmitt, "
579,Darn Koeppke,10020574,3,FT,meets,meets,meets,21,Lanni Staden,"Nowell McMonnies, Cchaddie Longthorn"
580,Filippa Ech,10020575,2,FT,meets,meets,meets,15,Bryna Wisher,"Madelyn Godbehere, "
581,Barret Croad,10020576,4,FT,meets,meets,unknown,39,Sue Northin,"Alphonse Golborne, "
582,Zerk Dunphie,10020577,4,FT,meets,meets,meets,27,Ashlin Niccols,"Jaclin Whoston, Carmel Brunton"
583,Mirna Sim,10020578,2,Part,meets,meets,meets,65,Margarita Khrishtafovich,"Ethel Binden, Banky Papen"
584,Bobbi Showen,10020579,3,FT,unknown,meets,meets,19,Halley Labon,"Kirk Gullane, Karlik Stennet"
585,Sal Hamner,10020580,3,FT,meets,meets,meets,45,Garnet Quipp,"Natassia Whithalgh, "
586,Krishnah Bourges,10020581,3,FT,meets,meets,unknown,35,Cher Rubinshtein,"Fair Hobbema, "
587,Nani Tween,10020582,4,FT,progress,meets,meets,16,Oberon Print,"Zerk Hallam, "
588,Enriqueta Payn,10020583,3,FT,meets,progress,meets,54,Berget Cammidge,"Corrianne Bendle, "
589,Murray McCartney,10020584,2,FT,meets,meets,meets,31,Monica McMorran,"Galvan Purdie, "
590,Ulrika Zannuto,10020585,4,FT,meets,unknown,unknown,64,Ainslee Dressell,"Leonhard Yalden, "
591,Martino Darko,10020586,4,FT,meets,meets,progress,69,Zerk Bacchus,"Elston Delacourt, "
592,Dwight Butterley,10020587,1,FT,meets,meets,unknown,23,Mildred Riddoch,"Jacobo Sails, "
593,Jennine Constantine,10020588,4,FT,meets,meets,meets,20,Bennie Abeles,"Glenden Lodder, Garek Deguara"
594,Tracey Linnane,10020589,1,FT,meets,NoMtg,unknown,18,Ferd Dotson,"Umberto Winship, "
595,Aylmer Batch,10020590,3,FT,meets,meets,meets,50,Guy Carrodus,"Cara Beesley, "
596,Nedi Raynor,10020591,4,Part,meets,meets,meets,41,Durant Raffon,"Derril Yakovlev, Gene Seamans"
597,Efrem Sommer,10020592,2,FT,meets,meets,meets,56,Emilia Dulwich,"Heath Lane, Anastasia Roeby"
598,Frederick Klampt,10020593,2,Part,meets,meets,meets,7,Alic Dowdney,"Dion Jarret, Maryrose Lorenc"
599,Loren Phythien,10020594,1,Part,meets,meets,unknown,37,Lionello Bachelar,"Kipper Savege, "
600,Zahara Vaney,10020595,3,FT,meets,meets,unknown,5,Tripp Buffey,"Titus Crumly, "