id,name,year,school,campus,email,gender,DOB,address1,city,state,postcode,country,phone,preferredairport
10349174,Uri Mourge,3,Politics and International Relations,UNMC,umourge0@dell.com,Male,13/08/2004,69 Morning Terrace,Leiria,Leiria,2400-013,Portugal,358-921-1248,Dothan Regional Airport
10284326,Prinz Couronne,2,Physics,UNMC,pcouronne1@archive.org,Male,29/07/2004,5981 Thierer Avenue,Bīrganj,,,Nepal,469-440-5570,Lupin Airport
10286681,Any Waszczykowski,1,Physics,uk,awaszczykowski2@newsvine.com,Male,06/03/2005,075 Cascade Road,Ribas do Rio Pardo,,79180-000,Brazil,768-161-6173,Tri-State/Milton J. Ferguson Field
10481620,Sallie Tallow,2,Business School,uk,stallow3@vistaprint.com,Female,24/02/2006,9025 Shasta Point,Guadalupe,Chiapas,29952,Mexico,233-457-5194,Jerry Tyler Memorial Airport
10405824,Maybelle Stower,1,Chemistry,UNMC,mstower4@ihg.com,Female,30/12/2005,932 Buhler Park,Zhouxi,,,China,837-696-2077,Mamitupo Airport
10441114,Arlyn Powdrell,3,Business School,UNNC,apowdrell5@storify.com,Female,03/10/2004,08918 Browning Lane,Zyuzino,,142817,Russia,750-429-4491,Southwest Florida International Airport
10446086,Concettina Abbes,2,Chemistry,UNNC,cabbes6@amazon.co.jp,Female,26/12/2004,086 Old Shore Junction,Salamá,,,Honduras,797-200-6953,Whitehorse / Erik Nielsen International Airport
10731647,Orelle Brantl,2,Pharmacy,UNNC,obrantl7@purevolume.com,Female,31/10/2005,20629 Gale Point,Huquan,,,China,991-423-0796,Shute Harbour Airport
10989750,Annecorinne Sherington,3,Physics,UNMC,asherington8@bandcamp.com,Female,22/07/2003,842 Springs Street,Okpoga,,,Nigeria,662-318-1254,Silur Airport
10621207,Pepi Postlewhite,2,Politics and International Relations,uk,ppostlewhite9@squidoo.com,Female,15/10/2006,32 Susan Trail,Purwokerto,,,Indonesia,902-421-9789,Along Airport
10076069,Sigismond Sutterfield,3,Business School,uk,ssutterfielda@pinterest.com,Male,09/12/2003,3642 Prentice Alley,Binonga,,6116,Philippines,545-101-3819,Breiðdalsvík Airport
10033271,Suellen Stennings,2,Biology,uk,sstenningsb@zimbio.com,Female,13/11/2003,366 Linden Court,Toulouse,Midi-Pyrénées,31079 CEDEX 5,France,447-192-4941,Marina Di Campo Airport
10450931,Antoinette Igonet,1,Physics,UNMC,aigonetc@usgs.gov,Female,12/02/2004,7 Homewood Drive,Quzhou,,,China,241-461-0590,Lusikisiki Airport
10124487,Conrado McKeaveney,2,Physics,UNNC,cmckeaveneyd@printfriendly.com,Polygender,24/01/2004,469 Brickson Park Parkway,Pantaihambawang,,,Indonesia,625-670-0626,Simberi Airport
10991116,Johnathan Middlebrook,1,Politics and International Relations,UNMC,jmiddlebrooke@wikispaces.com,Male,17/07/2007,12515 Wayridge Center,Ribeiro,Viana do Castelo,4950-719,Portugal,443-903-0730,Daniel Field
10667829,Ettie Bernardon,2,Business School,UNMC,ebernardonf@hc360.com,Female,15/01/2004,3212 Boyd Way,San Andres,,5504,Philippines,769-504-6053,Lakeland Airport
10186483,Gifford Munt,2,Pharmacy,UNNC,gmuntg@seattletimes.com,Male,24/03/2005,71409 Vernon Circle,Pavlovka,,617820,Russia,200-247-9066,Trenton Mercer Airport
10758703,Gusti Castelow,2,Physics,UNNC,gcastelowh@shutterfly.com,Female,14/07/2007,73946 Mayer Avenue,Luangwa,,,Zambia,945-181-9703,Igor I Sikorsky Memorial Airport
10861034,Sianna Roxburgh,2,Biology,uk,sroxburghi@bizjournals.com,Female,23/06/2004,0 Golf Circle,Sukamaju,,,Indonesia,274-734-6625,Yakubu Gowon Airport
10576219,Hall Calbaithe,3,Physics,uk,hcalbaithej@businessinsider.com,Male,30/09/2006,592 8th Drive,Pau,,5513,Philippines,310-482-5250,Turaif Domestic Airport
10381805,Corbet Titmus,3,Business School,UNMC,ctitmusk@opera.com,Male,01/01/2004,1 Roth Park,Graz,Steiermark,8042,Austria,221-317-0492,Kiel-Holtenau Airport
10020597,Jesse Slide,3,Physics,uk,jslidel@loc.gov,Female,28/01/2005,24 4th Avenue,Xitianwei,,,China,356-184-5124,Argyle International Airport
10675383,Gigi Applegate,2,Life Sciences,uk,gapplegatem@spiegel.de,Female,27/11/2004,559 Summer Ridge Junction,Gaozhuang,,,China,400-385-3205,Kota Airport
10386752,Alick Hussy,2,Life Sciences,uk,ahussyn@scribd.com,Male,19/01/2006,03 Schiller Plaza,Stari Bohorodchany,,,Ukraine,120-983-9675,Martin Miguel De Guemes International Airport
10946788,Caroline Vyvyan,1,Pharmacy,UNNC,cvyvyano@creativecommons.org,Female,10/10/2003,94714 Sutteridge Center,Cantao-an,,9023,Philippines,820-910-7643,Wilcannia Airport
10615938,Elden Coker,1,Business School,uk,ecokerp@seattletimes.com,Male,26/03/2005,665 Carioca Drive,Middleton,Nova Scotia,K9V,Canada,242-488-7346,Santiago Vila Airport
10948996,Robb Freak,1,Chemistry,UNMC,rfreakq@indiatimes.com,Male,03/01/2006,504 2nd Place,Bunda,,,Tanzania,715-749-5512,Fazenda Piraguassu Airport
10569187,Teodora Carluccio,3,Pharmacy,uk,tcarluccior@networksolutions.com,Female,01/01/2007,541 Clyde Gallagher Terrace,Mojomulyokrajan,,,Indonesia,842-748-2726,Bathurst Airport
10740782,Murvyn Munnion,3,Pharmacy,UNNC,mmunnions@usgs.gov,Polygender,09/04/2006,880 Dennis Avenue,Atlanta,Georgia,30343,United States,404-589-5167,Quartz Creek Airport
10729671,Bryn La Wille,3,Biology,uk,blat@europa.eu,Male,18/08/2003,5182 Bayside Trail,Bromölla,Skåne,295 37,Sweden,396-974-9256,Ranau Airport
10907883,Noami Bartkowiak,2,Politics and International Relations,uk,nbartkowiaku@squidoo.com,Female,18/04/2006,42 Brentwood Court,Herne,Nordrhein-Westfalen,44629,Germany,998-330-9527,Dourados Airport
10117399,Don Fardoe,1,Politics and International Relations,UNMC,dfardoev@amazon.co.uk,Male,30/06/2005,5464 Manitowish Street,Karangsari,,,Indonesia,985-697-4797,Capitan FAP Pedro Canga Rodriguez Airport
10219104,Gonzalo Nowaczyk,1,Pharmacy,uk,gnowaczykw@arizona.edu,Agender,09/06/2007,09 Buell Plaza,Napel,,,Indonesia,621-376-1176,Encarnación Airport
10058165,Rickert Tockell,1,Chemistry,UNNC,rtockellx@nyu.edu,Male,16/02/2003,4365 Schurz Parkway,Bełżec,,22-670,Poland,709-684-8547,Benin Airport
10957596,Stephen Cowins,2,Politics and International Relations,UNMC,scowinsy@shinystat.com,Male,22/07/2004,3467 Vermont Drive,Pohang,,,South Korea,950-624-2718,Tangalooma Airport
10334088,Jamill Karolczyk,3,Politics and International Relations,UNNC,jkarolczykz@nih.gov,Male,27/09/2005,6 Dryden Plaza,Chiguayante,,,Chile,877-205-2219,Taylor Airport
10054691,Talia Le Huquet,3,Business School,uk,tle10@msu.edu,Female,15/04/2006,5432 Sherman Parkway,Sancti Spíritus,,,Cuba,831-611-9829,Mao Airport
10621856,Carolina Jeannot,1,Physics,UNNC,cjeannot11@psu.edu,Female,03/11/2003,2 Hoard Pass,Tongtuan,,,China,684-675-8811,Larisa Airport
10182556,Isidro Crichten,1,Biology,UNMC,icrichten12@ycombinator.com,Male,19/10/2002,08140 Del Mar Lane,Aracati,,62800-000,Brazil,761-783-8486,Guyuan Liupanshan Airport
10737444,Horton Austing,3,Biology,UNNC,hausting13@blog.com,Male,14/05/2005,1 Hovde Circle,San Francisco,Mexico,51016,Mexico,445-556-2608,RAF Coningsby
10507950,Jeri Fullegar,2,Biology,uk,jfullegar14@imageshack.us,Female,03/10/2005,29087 Ohio Terrace,Tambakbaya,,,Indonesia,393-184-7760,Lowe AHP (Fort Rucker) Heliport
10164179,Shaylah Ansett,2,Chemistry,UNMC,sansett15@icq.com,Female,05/08/2006,39524 Toban Avenue,Osieck,,08-445,Poland,761-296-7518,Komatipoort Airport
10247957,Chet Veregan,3,Chemistry,UNMC,cveregan16@bbc.co.uk,Male,19/11/2002,266 Brickson Park Park,Aix-en-Provence,Provence-Alpes-Côte d'Azur,13095 CEDEX 2,France,273-952-7603,La Grande-3 Airport
10416069,Toby Gallon,2,Business School,UNMC,tgallon17@weebly.com,Female,16/04/2005,48 Golf Alley,Yaviza,,,Panama,658-927-3989,Coen Airport
10632440,Cleopatra Moehler,1,Life Sciences,UNNC,cmoehler18@drupal.org,Female,28/09/2006,3 Merrick Court,Cruzeiro,Porto,4640-324,Portugal,242-359-0493,Pratt Regional Airport
10777040,Philbert Lampe,3,Life Sciences,uk,plampe19@google.com.br,Male,28/08/2004,696 Cascade Drive,Sidamulya Satu,,,Indonesia,490-964-7293,Lancang Jingmai Airport
10873255,Efrem Fensome,1,Physics,uk,efensome1a@prlog.org,Male,30/08/2003,752 Longview Parkway,Huayllati,,,Peru,505-811-1086,Kiffa Airport
10907505,Brian Alastair,1,Biology,uk,balastair1b@chron.com,Male,30/03/2003,5775 Arkansas Terrace,Ampelókipoi,,,Greece,890-624-0307,Kerry Airport
10158680,Harlen Wace,2,Politics and International Relations,UNMC,hwace1c@microsoft.com,Male,23/03/2007,400 Almo Park,Kafr Baţnā,,,Syria,748-918-1946,Chilas Airport
10119724,Victor Popping,3,Life Sciences,uk,vpopping1d@hexun.com,Male,26/11/2002,0 Carberry Place,Smolensk,,214501,Russia,109-708-0939,Chandler Field
10205944,Sibyl Galia,1,Physics,UNMC,sgalia1e@godaddy.com,Male,22/04/2003,97 Cordelia Road,Dāngām,,,Afghanistan,673-715-4261,South Cariboo Region / 108 Mile Airport
10477431,Dene Barnfield,1,Business School,UNMC,dbarnfield1f@about.com,Male,16/12/2004,7 Butterfield Avenue,Kampong Speu,,,Cambodia,711-165-2738,Konduz Airport
10932919,Caritta Glenfield,3,Pharmacy,UNMC,cglenfield1g@hao123.com,Female,23/04/2003,42171 Mcbride Junction,Prince Rupert,British Columbia,V8J,Canada,191-293-8070,Cataratas Del Iguazú International Airport
10317179,Markos Kantor,2,Physics,uk,mkantor1h@1und1.de,Male,13/04/2007,3 Continental Circle,Jiangbu,,,China,961-295-5170,Phu Bai Airport
10854765,Barnabas Chyuerton,2,Business School,uk,bchyuerton1i@theguardian.com,Male,07/07/2003,3613 Clarendon Crossing,Lanzhong,,,China,235-300-4913,Oodnadatta Airport
10430410,Rhianna McCumesky,3,Life Sciences,UNMC,rmccumesky1j@who.int,Female,10/05/2006,5620 Mosinee Center,Fengcun,,,China,817-523-0598,Mururoa Atoll Airport
10945650,Lamar Drable,3,Physics,UNNC,ldrable1k@nymag.com,Male,11/12/2004,7600 Warner Center,Wiri,,2241,New Zealand,547-546-4898,Ouzinkie Airport
10805308,Faythe Cristofolini,2,Politics and International Relations,UNNC,fcristofolini1l@nasa.gov,Female,15/12/2006,4114 Village Parkway,Bagrāmī,,,Afghanistan,177-955-2647,Friedman Memorial Airport
10296798,Lorinda Rableau,3,Pharmacy,UNNC,lrableau1m@ucla.edu,Female,27/02/2007,833 Ridge Oak Trail,Bungursari,,,Indonesia,496-837-2699,Tindal Airport
10585967,Shauna Spurden,1,Pharmacy,UNNC,sspurden1n@istockphoto.com,Female,26/08/2005,262 Charing Cross Plaza,Villa Bisonó,,11105,Dominican Republic,198-411-2055,West Angelas Airport
10239321,Bamby McPhelim,3,Politics and International Relations,UNMC,bmcphelim1o@ebay.co.uk,Female,01/01/2007,2337 Anderson Road,Postojna,,6230,Slovenia,996-805-5125,Turaif Domestic Airport
10338485,Arabela Baudesson,1,Life Sciences,UNMC,abaudesson1p@yolasite.com,Female,29/10/2006,67 Algoma Street,Az Zāhir,,,Yemen,607-565-7365,Vichy-Charmeil Airport
10179871,Chery Francello,3,Chemistry,UNNC,cfrancello1q@toplist.cz,Female,10/11/2005,74 Blue Bill Park Road,Cojata,,,Peru,921-916-7846,Bell Island Hot Springs Seaplane Base
10544788,Ariela Nuemann,1,Life Sciences,UNNC,anuemann1r@whitehouse.gov,Female,08/09/2004,97 Division Hill,Fatuulan,,,Indonesia,918-492-0784,Ciudad del Carmen International Airport
10300038,Marmaduke Guppey,3,Pharmacy,uk,mguppey1s@blogger.com,Male,08/03/2005,17783 Pine View Road,Lomintsevskiy,,301573,Russia,951-493-0919,Los Angeles International Airport
10303757,Sybila Cargill,1,Pharmacy,UNNC,scargill1t@eventbrite.com,Female,30/06/2005,276 Amoth Park,Żurowa,,38-323,Poland,453-138-1239,Salina Municipal Airport
10496966,Torrance Dandie,3,Life Sciences,uk,tdandie1u@economist.com,Male,22/05/2003,58 Sutteridge Way,Vouani,,,Comoros,427-433-6216,Beni Mellal Airport
10602232,Dalston Edgell,3,Biology,uk,dedgell1v@free.fr,Male,17/04/2005,5382 Mitchell Crossing,Pawing,,6501,Philippines,213-273-6269,Dobbins Air Reserve Base
10114900,Mischa Greiser,2,Chemistry,UNMC,mgreiser1w@icio.us,Agender,06/07/2007,02673 Eastwood Terrace,Novikovo,,659518,Russia,372-789-2334,Fort Reliance Seaplane Base
10472303,Leandra Summersby,1,Physics,UNNC,lsummersby1x@pagesperso-orange.fr,Female,03/06/2004,72 Northland Way,Sanjiao,,,China,787-589-6735,Milas Bodrum International Airport
10274051,Roi Dallender,1,Chemistry,UNNC,rdallender1y@microsoft.com,Male,05/03/2005,33 Grim Junction,Medellin,,6012,Philippines,563-202-3917,Scribner State Airport
10266165,Clary Cheeld,1,Politics and International Relations,UNNC,ccheeld1z@yale.edu,Female,17/10/2006,31718 Dovetail Trail,Gualán,,19004,Guatemala,324-435-4128,Cessnock Airport
10731409,Virgie Smithin,1,Politics and International Relations,uk,vsmithin20@google.nl,Female,16/11/2005,9 Brentwood Center,Quvasoy,,,Uzbekistan,476-113-7034,Capitán FAP Guillermo Concha Iberico International Airport
10400272,Hewie Battaille,2,Physics,uk,hbattaille21@wikispaces.com,Male,22/12/2005,0 Hayes Hill,Bella Vista,,10112,Dominican Republic,160-887-4296,Argyle International Airport
10838130,Haze Durnall,2,Chemistry,UNNC,hdurnall22@state.tx.us,Male,20/03/2006,18 Melrose Crossing,Aţ Ţaybah,,,Palestinian Territory,585-609-7499,Elelim Airport
10372541,Beulah Armour,1,Pharmacy,uk,barmour23@rediff.com,Polygender,09/11/2005,03028 Toban Street,Fujiayan,,,China,381-869-7590,Confresa Airport
10884036,Korey Pleasance,2,Chemistry,uk,kpleasance24@aboutads.info,Male,29/05/2004,21269 Annamark Point,Timbaúba,,55870-000,Brazil,597-493-6605,Liberal Mid-America Regional Airport
10053744,Dominica Hiers,3,Politics and International Relations,UNMC,dhiers25@vkontakte.ru,Agender,22/04/2007,2 Village Green Circle,Sirib,,6113,Philippines,646-271-0026,Duqm International Airport
10330033,Noah Hacquard,1,Business School,uk,nhacquard26@dmoz.org,Male,14/01/2003,2 Banding Park,Amu Gulang Baolige,,,China,941-453-7374,Tobago-Crown Point Airport
10307210,Jania Franciotti,1,Politics and International Relations,uk,jfranciotti27@telegraph.co.uk,Female,09/03/2003,4 Kedzie Court,Apartadó,,057847,Colombia,870-795-1049,Épinal-Mirecourt Airport
10473326,Francisco Bonicelli,2,Physics,UNNC,fbonicelli28@deliciousdays.com,Male,19/11/2006,2 Browning Alley,Sandao,,,China,604-896-2682,Sri Sathya Sai Airport
10102631,Glendon McInteer,3,Biology,UNMC,gmcinteer29@discovery.com,Male,25/02/2006,2 Nobel Court,Varnsdorf,,407 47,Czech Republic,275-358-0910,Worland Municipal Airport
10040524,Lissi Pattlel,1,Pharmacy,UNMC,lpattlel2a@fotki.com,Female,18/04/2004,37189 Maywood Junction,Cigoong,,,Indonesia,326-692-3126,Sihanoukville International Airport
10495846,Gilbert Frankowski,3,Chemistry,UNNC,gfrankowski2b@usatoday.com,Non-binary,11/10/2006,6367 Randy Place,Rostov-na-Donu,,353356,Russia,316-470-7277,Prince Said Ibrahim International Airport
10567290,Channa Whitebread,2,Politics and International Relations,UNMC,cwhitebread2c@mtv.com,Female,24/10/2005,5 Schiller Junction,Sagae,,991-0041,Japan,837-738-7871,Yemelyanovo Airport
10912299,Cariotta Buckell,3,Pharmacy,UNNC,cbuckell2d@newsvine.com,Female,10/01/2006,44 Service Trail,Kushtia,,7052,Bangladesh,130-758-1811,Qayyarah West Airport
10341662,Janenna Melbert,3,Business School,uk,jmelbert2e@ehow.com,Female,08/10/2004,045 Boyd Trail,Fengtai,,,China,584-948-3325,Gulfport Biloxi International Airport
10236916,Cairistiona Marsden,3,Chemistry,UNMC,cmarsden2f@washington.edu,Female,25/09/2005,3579 Bobwhite Circle,Dzaoudzi,,97615,Mayotte,959-897-6317,Gounda Airport
10961645,Madelin Choppin,2,Pharmacy,UNMC,mchoppin2g@nydailynews.com,Female,09/01/2004,6802 Red Cloud Plaza,Tianhu,,,China,949-589-7807,Zulu Inyala Airport
10126201,Burnard Birkwood,3,Biology,uk,bbirkwood2h@pen.io,Male,06/09/2007,2039 Prairie Rose Way,Daliu,,,China,430-649-3354,Lynden Pindling International Airport
10905432,Wait Lumm,3,Pharmacy,uk,wlumm2i@epa.gov,Male,02/02/2005,3731 Oriole Terrace,Poitiers,Poitou-Charentes,86062 CEDEX 9,France,101-186-4780,Ciudad Obregón International Airport
10696421,Valida Izacenko,3,Biology,UNMC,vizacenko2j@skyrock.com,Female,12/07/2004,8441 Holmberg Avenue,Suslonger,,425050,Russia,918-559-0568,Pasighat Airport
10464309,Allison Toth,3,Business School,UNMC,atoth2k@hostgator.com,Agender,10/11/2006,882 Meadow Valley Drive,Paraguaçu,,37120-000,Brazil,184-617-9386,Timmins/Victor M. Power
10394234,Chet Tezure,1,Biology,UNNC,ctezure2l@bbc.co.uk,Male,24/12/2003,83846 Loomis Way,Tall Tamr,,,Syria,568-923-5055,Tessenei Airport
10198989,Gauthier Ainslie,1,Politics and International Relations,uk,gainslie2m@google.co.jp,Male,29/03/2004,59970 Grover Pass,Mabini,,6313,Philippines,636-710-8456,Port Heiden Airport
10898361,Grady Drivers,2,Business School,UNMC,gdrivers2n@arstechnica.com,Male,18/01/2006,4 Granby Junction,Voiron,Rhône-Alpes,38509 CEDEX,France,191-215-7838,Riesa-Göhlis Airport
10453410,Chelsea Mucklestone,1,Business School,UNMC,cmucklestone2o@ovh.net,Female,30/09/2006,22 Pierstorff Lane,Hashimoto,,999-8242,Japan,935-855-6251,Kikai Airport
10149113,Auroora Feast,2,Physics,UNNC,afeast2p@ibm.com,Bigender,04/07/2006,19306 2nd Pass,Santa Maria Oliveira,Braga,4765-322,Portugal,341-444-1983,Puerto Princesa Airport
10040244,Leoine Mount,3,Politics and International Relations,UNNC,lmount2q@nhs.uk,Female,04/06/2006,478 Division Trail,Wyśmierzyce,,26-811,Poland,834-347-0105,Bao'anying Airport
10155355,Cobbie Puckring,2,Pharmacy,UNNC,cpuckring2r@cdbaby.com,Male,06/04/2005,49 Drewry Lane,Buzhakan,,,Armenia,763-442-9041,Karasburg Airport
10527485,Patric Glasman,3,Biology,uk,pglasman2s@webeden.co.uk,Male,29/10/2006,61 Loomis Trail,Cagdianao,,8411,Philippines,766-522-3738,Dodge County Airport
10376466,Dulciana Mandrake,3,Business School,UNMC,dmandrake2t@goo.gl,Female,01/05/2007,504 Thierer Terrace,Huaminglou,,,China,430-444-7052,Geva Airport
10818037,Hallsy Stanes,1,Chemistry,uk,hstanes2u@t.co,Male,20/02/2003,352 Rieder Junction,Parobé,,95630-000,Brazil,338-495-0102,Rukum Chaurjahari Airport
10243289,Kath Paulon,3,Life Sciences,UNMC,kpaulon2v@ning.com,Female,21/08/2007,88 Nobel Parkway,Shengli,,,China,319-989-1136,McCarran International Airport
10660983,Ivor Piddle,2,Pharmacy,uk,ipiddle2w@about.com,Male,07/06/2004,0 Bluestem Circle,Laprida,,4205,Argentina,857-836-0430,Flin Flon Airport
10565589,Rozanne McEwen,1,Chemistry,UNMC,rmcewen2x@nsw.gov.au,Female,12/07/2006,84 Dapin Center,Plumbangan,,,Indonesia,152-677-1075,"Rewa Airport, Chorhata, REWA"
10503790,Benjamen Le Blond,2,Chemistry,UNNC,ble2y@nationalgeographic.com,Male,25/11/2004,056 Waubesa Pass,Kożuchów,,67-120,Poland,653-887-9989,Uralsk Airport
10625191,Tann Joffe,3,Life Sciences,UNNC,tjoffe2z@bigcartel.com,Male,31/10/2003,3 Harbort Street,Winnipeg,Manitoba,R3L,Canada,792-637-2525,Chubu Centrair International Airport
10006636,Holly Wilflinger,1,Pharmacy,UNNC,hwilflinger30@va.gov,Agender,25/01/2007,0594 Reindahl Way,Ōgaki,,503-2429,Japan,359-427-9191,Milos Airport
10055359,Dori Caddell,3,Life Sciences,UNNC,dcaddell31@nydailynews.com,Female,11/06/2005,77 Mifflin Road,Kamogatachō-kamogata,,719-0302,Japan,587-831-5132,RAF Akrotiri
10781994,Dulcea Brogan,3,Chemistry,UNMC,dbrogan32@yahoo.com,Female,02/04/2003,35 Crest Line Pass,Pawłosiów,,37-565,Poland,776-132-9727,Buon Ma Thuot Airport
10104842,Arin Wornum,3,Biology,UNMC,awornum33@nba.com,Bigender,17/11/2003,0 Hintze Lane,Sonlit,,,Indonesia,237-430-8709,Chicago Rockford International Airport
10336910,Sabra Trinkwon,3,Pharmacy,UNMC,strinkwon34@blogger.com,Female,19/04/2005,8 Rowland Plaza,Kiamba,,9514,Philippines,548-853-3581,Shamshernagar Airport
10249016,Oliviero Woodsford,2,Physics,UNNC,owoodsford35@scribd.com,Male,25/11/2006,12633 Blue Bill Park Junction,Täby,Stockholm,183 83,Sweden,143-618-2312,Dallas Love Field
10320532,Lanni Firminger,3,Pharmacy,uk,lfirminger36@vimeo.com,Female,17/01/2007,2853 Hagan Street,Yekimovichi,,216533,Russia,319-349-2001,Eugenio Maria De Hostos Airport
10239626,Daniela Dunrige,1,Pharmacy,uk,ddunrige37@ow.ly,Female,25/02/2006,4395 Anzinger Point,Igbor,,,Nigeria,443-316-7530,Piedras Negras International Airport
10220077,Sidnee Coleford,2,Chemistry,uk,scoleford38@facebook.com,Genderqueer,22/12/2004,5721 Nelson Park,Bayshint,,,Mongolia,845-982-4389,Porbandar Airport
10900617,Tristan Murley,1,Business School,uk,tmurley39@google.com.au,Male,13/05/2003,082 Cascade Park,Tiandeng,,,China,852-709-4526,Maiana Airport
10502504,Olympe Penhall,1,Life Sciences,UNNC,openhall3a@weather.com,Non-binary,14/12/2004,257 Cardinal Junction,Farafangana,,,Madagascar,588-935-1961,Daniel K Inouye International Airport
10247165,Pansy Benettolo,2,Physics,uk,pbenettolo3b@odnoklassniki.ru,Female,19/09/2005,72115 7th Plaza,Al ‘Awjā,,,Palestinian Territory,983-986-7780,Rodríguez Ballón International Airport
10050449,Sharlene Warwicker,3,Business School,UNMC,swarwicker3c@dedecms.com,Female,22/10/2003,089 Fairview Point,Al Manzilah,,,Egypt,292-738-8322,Capitan Oriel Lea Plaza Airport
10311612,Alley Chandlar,2,Biology,uk,achandlar3d@squidoo.com,Male,17/03/2003,0 Butterfield Hill,Dzerzhinsk,,664511,Russia,378-857-0448,Mahshahr Airport
10709340,Torrin Shatford,3,Chemistry,uk,tshatford3e@washingtonpost.com,Male,21/09/2006,067 Superior Park,Baumata,,,Indonesia,404-286-2329,Maradi Airport
10718263,Ephrem Blanpein,2,Business School,uk,eblanpein3f@europa.eu,Male,02/03/2003,895 Ilene Parkway,Lisiy Nos,,197755,Russia,646-144-4664,Northwest Florida Beaches International Airport
10438485,Jackqueline Avory,1,Chemistry,UNMC,javory3g@g.co,Female,28/08/2007,957 Iowa Place,Chợ Chu,,,Vietnam,261-580-6975,Burevestnik Airport
10567208,Sterne Ferreli,3,Life Sciences,uk,sferreli3h@webs.com,Male,15/02/2005,03 Bartelt Park,Qiulu,,,China,771-230-0659,Sidney Municipal Airport
10902504,Margery Rapsey,3,Biology,UNNC,mrapsey3i@youku.com,Female,16/01/2005,70570 Springs Plaza,Jacaraú,,58278-000,Brazil,287-143-7350,Kayes Dag Dag Airport
10235841,Raynell Roony,3,Pharmacy,UNNC,rroony3j@discuz.net,Female,09/05/2006,784 Hollow Ridge Place,Pa Tio,,35150,Thailand,123-361-0786,North Island Naval Air Station-Halsey Field
10502497,Daron Rontree,2,Biology,uk,drontree3k@blinklist.com,Female,15/01/2005,392 Old Shore Place,Hollola,,15880,Finland,340-747-0485,Mareb Airport
10920793,Titus Dabrowski,1,Life Sciences,UNMC,tdabrowski3l@dyndns.org,Male,23/02/2006,6 Morrow Drive,Arcachon,Aquitaine,33314 CEDEX,France,232-176-1170,Tioga Municipal Airport
10580725,Jaquenetta Gurery,1,Pharmacy,uk,jgurery3m@biglobe.ne.jp,Female,13/11/2002,2987 Oriole Hill,Łubniany,,46-024,Poland,866-550-5704,Malta International Airport
10297672,Juana Cadigan,3,Business School,uk,jcadigan3n@alibaba.com,Agender,17/02/2003,6782 Brickson Park Terrace,Kolomak,,,Ukraine,521-629-7922,Balurghat Airport
10579269,Flor Goeff,2,Politics and International Relations,UNNC,fgoeff3o@bloglovin.com,Female,06/01/2004,8 Upham Center,Poste de Flacq,,,Mauritius,439-286-1750,Chichen Itza International Airport
10089645,Ivar Segge,2,Physics,UNMC,isegge3p@bloomberg.com,Male,27/03/2004,1 Scofield Pass,Tarsouat,,,Morocco,699-832-6491,Faranah Airport
10636040,Jenifer Hullins,2,Chemistry,uk,jhullins3q@phpbb.com,Female,23/03/2007,26 Crownhardt Hill,Karangtawar,,,Indonesia,821-195-5330,Tiga Airport
10297760,Jamie Bew,1,Pharmacy,uk,jbew3r@istockphoto.com,Male,29/10/2006,381 Claremont Road,Xiying,,,China,795-693-6501,Bryce Canyon Airport
10261876,Celina Aimer,2,Chemistry,UNMC,caimer3s@nydailynews.com,Female,05/07/2007,48609 Lunder Crossing,Guzhu,,,China,656-134-3881,Zabreh Ostrava Airport
10058608,Blythe Delf,2,Life Sciences,UNMC,bdelf3t@ning.com,Female,11/06/2003,575 Debs Crossing,Shangfang,,,China,150-209-5293,Creston Municipal Airport
10602514,Matty Cotman,2,Pharmacy,UNNC,mcotman3u@netscape.com,Female,29/10/2005,4 Morning Parkway,Yejia,,,China,939-399-4476,Mundo Novo Airport
10287863,Thatch Borrows,2,Business School,UNMC,tborrows3v@live.com,Male,30/04/2004,648 Huxley Trail,Voronezh,,394075,Russia,800-307-7106,First Flight Airport
10269220,Sadye Spriddle,1,Pharmacy,UNMC,sspriddle3w@geocities.com,Female,08/07/2007,050 Declaration Street,Narach,,,Belarus,813-348-8696,Roscommon County - Blodgett Memorial Airport
10218573,Yorgo Hause,3,Physics,uk,yhause3x@newyorker.com,Genderfluid,01/03/2007,709 Roxbury Road,Tyczyn,,36-020,Poland,110-926-9393,Inverness Airport
10752330,Celina Bestwall,3,Pharmacy,uk,cbestwall3y@naver.com,Agender,01/09/2003,99339 Sherman Point,Dado,,5037,Philippines,716-843-7231,Jim Hamilton L.B. Owens Airport
10815681,Demetris Dalling,3,Politics and International Relations,UNNC,ddalling3z@sogou.com,Male,08/10/2003,9538 Dixon Way,Cergy-Pontoise,Île-de-France,95652 CEDEX,France,239-163-5555,Professor Urbano Ernesto Stumpf Airport
10107509,Iggie MacKaile,2,Biology,UNNC,imackaile40@acquirethisname.com,Male,17/12/2002,358 Bobwhite Point,Tammela,,31300,Finland,159-804-6192,Los Roques Airport
10171593,Olvan Lidbetter,3,Politics and International Relations,UNMC,olidbetter41@sbwire.com,Male,18/08/2005,0 Sachs Pass,Vendargues,Languedoc-Roussillon,34747 CEDEX,France,487-138-2865,Castlereagh Lake Seaplane Base
10050046,Shep Apted,2,Chemistry,UNNC,sapted42@illinois.edu,Male,09/03/2006,9 Kingsford Court,Ciharalang,,,Indonesia,620-733-5913,Bremerhaven Airport
10074952,Gae Saurat,2,Politics and International Relations,uk,gsaurat43@booking.com,Female,22/03/2007,298 Holy Cross Street,Darungan,,,Indonesia,130-403-5827,Vila Rica Airport
10064805,Addy Blakeslee,1,Life Sciences,uk,ablakeslee44@loc.gov,Male,01/01/2003,7466 Forster Terrace,Burevestnik,,607612,Russia,603-695-0238,Hyvinkää Airfield
10061885,Dulcy McKeag,1,Business School,UNNC,dmckeag45@geocities.com,Female,15/06/2006,61816 Mockingbird Way,Phanom Phrai,,24140,Thailand,366-757-7707,Araçatuba Airport
10151440,Bjorn McAster,3,Politics and International Relations,UNNC,bmcaster46@t.co,Male,22/07/2006,270 Buell Alley,Huanglin,,,China,364-291-0760,Canaima Airport
10468571,Benedick Blanshard,2,Biology,UNMC,bblanshard47@uol.com.br,Male,24/08/2004,58 Main Place,Linoan,,8106,Philippines,963-740-2651,Jenpeg Airport
10151819,Ludwig Ravelus,2,Pharmacy,UNNC,lravelus48@zdnet.com,Male,09/05/2003,1715 Hagan Avenue,Ti-n-Essako,,,Mali,431-575-6168,Warangal Airport
10609710,Lonni Harrhy,3,Chemistry,UNNC,lharrhy49@who.int,Female,11/08/2007,4 Northland Crossing,Orleans,,88870-000,Brazil,501-315-4694,Laramie Regional Airport
10992243,Broderick McQueen,3,Physics,UNNC,bmcqueen4a@amazonaws.com,Male,12/08/2003,254 Carpenter Avenue,Zaraza,,,Venezuela,941-265-2326,Man Airport
10640067,Brien Amyes,2,Politics and International Relations,uk,bamyes4b@loc.gov,Male,28/10/2002,50741 High Crossing Terrace,Dawung,,,Indonesia,215-623-5308,Solita Airport
10212211,Aylmer Jendrusch,1,Life Sciences,UNNC,ajendrusch4c@xinhuanet.com,Male,08/01/2007,6283 Spaight Alley,Zouérat,,,Mauritania,344-294-4107,Pweto Airport
10467756,Laverne Growcock,1,Politics and International Relations,UNNC,lgrowcock4d@admin.ch,Female,11/08/2003,2 Stuart Drive,Stockholm,Stockholm,113 90,Sweden,673-224-5222,Muzaffarpur Airport
10170251,Dyane Veale,2,Biology,UNNC,dveale4e@miitbeian.gov.cn,Female,17/05/2003,33583 International Center,Surkh Bilandī,,,Afghanistan,738-822-2664,Teslin Airport
10846094,Lucky Bedells,3,Life Sciences,UNNC,lbedells4f@goo.gl,Female,09/01/2003,1 Meadow Ridge Crossing,Orikhiv,,,Ukraine,819-453-5693,Wagga Wagga City Airport
10335046,Byrann Sedgeworth,3,Politics and International Relations,UNMC,bsedgeworth4g@jiathis.com,Male,20/08/2003,5339 Texas Plaza,Jargalant,,,Mongolia,673-435-3090,Rar Gwamar Airport
10221080,Nikola Pyffe,1,Business School,UNMC,npyffe4h@netlog.com,Male,21/01/2007,29468 Loeprich Terrace,Brest,Bretagne,29609 CEDEX 2,France,989-162-9226,General Roberto Fierro Villalobos International Airport
10949451,Vikki Betjes,3,Politics and International Relations,uk,vbetjes4i@livejournal.com,Female,13/11/2002,06791 Crowley Park,Badagry,,,Nigeria,661-857-3785,Trincomalee Harbor Waterdrome
10717016,Casie Pinkney,1,Pharmacy,UNNC,cpinkney4j@squidoo.com,Female,02/09/2006,097 Loeprich Road,Jiquinlaca,,,Honduras,231-832-4290,Cincinnati Municipal Airport Lunken Field
10922412,Masha Beachem,3,Business School,UNNC,mbeachem4k@un.org,Female,03/04/2007,4543 Fallview Lane,Shangdu,,,China,824-988-6602,Chiang Mai International Airport
10981616,Casie Sidery,1,Chemistry,UNNC,csidery4l@w3.org,Female,21/07/2003,44 Tennyson Street,Alto de la Estancia,,,Panama,982-965-7002,Hawke's Bay Airport
10319159,Gayle Luck,2,Politics and International Relations,uk,gluck4m@instagram.com,Female,25/01/2004,0 Bluejay Parkway,Merdeka,,,Indonesia,713-521-6245,Osaka International Airport
10226622,Brunhilde Smeaton,1,Physics,UNMC,bsmeaton4n@google.fr,Female,25/08/2004,192 Mariners Cove Road,Lérida,,731027,Colombia,620-692-3745,South Indian Lake Airport
10007846,Bing Lenney,1,Business School,UNMC,blenney4o@example.com,Male,17/07/2005,1 Sundown Parkway,Gangshangji,,,China,394-400-3867,Akita Airport
10293658,Nelli Chew,3,Biology,UNNC,nchew4p@house.gov,Female,25/03/2007,48 Division Terrace,Xiaozhi,,,China,153-107-6561,Liège Airport
10579028,Sallie Casey,2,Business School,UNNC,scasey4q@usatoday.com,Female,28/08/2007,9838 Sommers Hill,Lido,,,Indonesia,570-533-6120,Indira Gandhi International Airport
10029769,Andrea Heard,2,Business School,UNNC,aheard4r@yellowpages.com,Female,17/07/2007,41903 Golf View Park,Anxiang,,,China,414-721-4467,Kamaran Airport
10682263,Sherline Stanett,3,Chemistry,UNMC,sstanett4s@mac.com,Female,11/06/2003,2 Dorton Terrace,Norrköping,Östergötland,603 72,Sweden,950-283-8895,Carlos Ruhl Airport
10206885,Evvy McEniry,1,Life Sciences,UNMC,emceniry4t@meetup.com,Female,01/11/2002,4 1st Point,Padasuka,,,Indonesia,481-924-2487,Garfield County Regional Airport
10344155,Sondra Byass,3,Business School,uk,sbyass4u@weibo.com,Female,29/05/2003,08171 Hintze Court,Nyima,,,China,889-343-6576,Tipton Airport
10054693,Gan Ricks,1,Business School,UNNC,gricks4v@oakley.com,Non-binary,25/06/2005,538 Killdeer Hill,Baoxing,,,China,885-627-5967,Kaédi Airport
10715469,Gwenore Briscoe,2,Life Sciences,UNMC,gbriscoe4w@stumbleupon.com,Female,20/04/2004,6 Oak Valley Junction,Margahayukencana,,,Indonesia,859-832-7720,Nanyang Jiangying Airport
10991536,Roth Fashion,3,Physics,UNNC,rfashion4x@rambler.ru,Male,05/01/2003,089 Bartelt Street,Kudirkos Naumiestis,,71049,Lithuania,787-710-8463,Balgo Hill Airport
10325351,Mendy Tremollet,2,Biology,uk,mtremollet4y@redcross.org,Male,14/09/2003,211 Toban Street,Uppsala,Uppsala,752 61,Sweden,958-302-9216,Ibn Batouta Airport
10402324,Lacey Skupinski,3,Pharmacy,UNNC,lskupinski4z@shareasale.com,Female,28/02/2005,859 Gina Court,Yucun,,,China,769-606-0759,"Oslo, Fornebu Airport"
10815270,Claybourne Fayer,2,Physics,UNMC,cfayer50@blogspot.com,Male,27/09/2006,456 Bunting Pass,Zaqatala,,,Azerbaijan,710-839-5472,Kungim Airport
10663582,Nady Tiltman,1,Chemistry,UNMC,ntiltman51@ftc.gov,Female,27/01/2006,1994 Everett Circle,Podwilk,,34-722,Poland,914-614-5570,Hartley Bay Seaplane Base
10810010,Harrison Batchelor,2,Business School,UNNC,hbatchelor52@purevolume.com,Genderqueer,16/08/2003,026 Monterey Trail,Paris La Défense,Île-de-France,92924 CEDEX,France,450-835-3878,Mundo Maya International Airport
10269457,Kristan Bolus,1,Chemistry,uk,kbolus53@liveinternet.ru,Female,05/09/2004,1 Prentice Street,Mjölby,Östergötland,595 94,Sweden,608-650-9541,Chitina Airport
10489021,Geneva Koppes,3,Chemistry,uk,gkoppes54@amazon.co.jp,Female,21/08/2003,626 Montana Drive,Jedlnia-Letnisko,,26-630,Poland,854-170-3526,Vista Field
10416869,Donnie Wathen,2,Life Sciences,UNMC,dwathen55@webnode.com,Male,13/11/2005,15 Forest Street,Pringgabaya,,,Indonesia,429-628-9836,Amahai Airport
10235262,Tate Springham,3,Pharmacy,UNMC,tspringham56@seattletimes.com,Female,03/03/2004,6 Thierer Center,Yangzizhou,,,China,829-956-9057,Songea Airport
10772605,Fraser Bullivent,2,Life Sciences,UNMC,fbullivent57@slashdot.org,Male,17/10/2004,565 Truax Drive,Op,,,Indonesia,647-752-9105,Limpopo Valley Airport
10209710,Nancee Crosscombe,3,Biology,UNNC,ncrosscombe58@yahoo.com,Female,08/07/2006,3757 Sunbrook Street,Ojos de Agua,,,Honduras,864-377-6438,Albert-Bray Airport
10441266,Mahmoud Dearan,3,Biology,uk,mdearan59@archive.org,Male,17/11/2002,1 East Parkway,La Concepcion,Mexico,52105,Mexico,229-720-4274,Libenge Airport
10736402,Myrtle Cornilli,3,Business School,uk,mcornilli5a@amazon.co.jp,Female,19/03/2005,3 Oak Valley Alley,Łaskarzew,,08-450,Poland,124-128-1945,Paranaguá Airport
10890362,Brenna Mundwell,2,Chemistry,UNNC,bmundwell5b@istockphoto.com,Female,23/08/2006,39034 Grayhawk Park,Wilkes Barre,Pennsylvania,18763,United States,570-182-7757,Murrin Murrin Airport
10692563,Mile Lister,3,Life Sciences,uk,mlister5c@aboutads.info,Male,11/02/2007,19951 Maywood Hill,T’azagyugh,,,Armenia,715-205-8325,Goya Airport
10227352,Dasie Elington,3,Pharmacy,UNNC,delington5d@skype.com,Non-binary,08/05/2004,9795 Merry Park,Kuala Terengganu,Terengganu,20504,Malaysia,567-752-2036,Macanal Airport
10963973,Kati Guiu,2,Politics and International Relations,UNMC,kguiu5e@nature.com,Female,03/08/2005,68329 Briar Crest Court,Isangel,,,Vanuatu,861-508-4510,Jiansanjiang Airport
10387088,Cthrine Skeldinge,1,Business School,uk,cskeldinge5f@weibo.com,Female,19/10/2003,0 Tennessee Lane,Manique de Baixo,Lisboa,2645-446,Portugal,135-483-7337,Fairmont Hot Springs Airport
10137382,Graham Bamlett,3,Pharmacy,uk,gbamlett5g@whitehouse.gov,Male,03/06/2003,597 1st Hill,Benito Juarez,Chiapas,29120,Mexico,494-959-6614,Pukaki Airport
10138855,Townsend Brittle,1,Business School,uk,tbrittle5h@php.net,Male,29/06/2003,2 Ruskin Junction,Kinsale,,P17,Ireland,132-520-4752,Belo sur Tsiribihina Airport
10970139,Dolley Kinforth,2,Chemistry,UNMC,dkinforth5i@photobucket.com,Female,07/07/2003,21 Rockefeller Center,Praia da Barra,Aveiro,3830-752,Portugal,725-479-7061,Playa Grande Airport
10017389,Natka Dallas,2,Biology,uk,ndallas5j@jugem.jp,Female,26/06/2004,81 Westerfield Way,Tsaghkahovit,,,Armenia,477-975-4066,Humberto Ghizzo Bortoluzzi Regional Airport
10757282,Udell Pretsel,3,Politics and International Relations,uk,upretsel5k@harvard.edu,Male,11/10/2005,5338 Sheridan Hill,Profítis Ilías,,,Greece,745-271-6319,Panguilemo Airport
10727088,Humfrid Guillon,2,Physics,UNMC,hguillon5l@phpbb.com,Male,13/03/2006,78644 Fremont Street,Plesná,,725 27,Czech Republic,753-273-2158,São Félix do Xingu Airport
10335688,Don Blazhevich,3,Biology,UNMC,dblazhevich5m@wikia.com,Non-binary,20/07/2004,48 Carberry Center,Xinkai,,,China,750-944-2072,Capitán Aníbal Arab Airport
10884333,Austin Smardon,3,Politics and International Relations,uk,asmardon5n@over-blog.com,Male,20/01/2004,0930 Merrick Alley,Novi Pazar,,,Serbia,653-209-1094,Hon Airport
10990273,Carroll Makinson,1,Physics,uk,cmakinson5o@unblog.fr,Female,26/03/2006,572 2nd Lane,Guta,,,China,797-102-1987,Rumginae Airport
10610230,Caye Brownsword,1,Life Sciences,UNMC,cbrownsword5p@admin.ch,Female,04/04/2004,9 Lakewood Road,Shambu,,,Ethiopia,712-813-6954,Wana Airport
10606052,Kristal Seif,1,Business School,uk,kseif5q@nytimes.com,Female,10/05/2005,08 Acker Hill,Pesnica pri Mariboru,,2211,Slovenia,452-782-9475,Inishmore Aerodrome
10143582,De Grishin,2,Biology,uk,dgrishin5r@issuu.com,Female,08/07/2004,4 Fremont Place,Woodstock,Ontario,E7M,Canada,911-139-9631,Yasser Arafat International Airport
10187741,Kale Fenlon,3,Pharmacy,UNMC,kfenlon5s@intel.com,Male,04/08/2006,81797 Sauthoff Avenue,Siedlce,,33-321,Poland,350-632-2521,Paraguaçu Airport
10982431,Abdel Farfalameev,1,Chemistry,UNNC,afarfalameev5t@webeden.co.uk,Male,22/02/2003,9 Bay Circle,Duanjia,,,China,214-270-9651,Cangyuan Washan Airport
10904475,Baron Mountney,2,Biology,UNMC,bmountney5u@unicef.org,Male,10/01/2007,07835 Mcbride Alley,Joaquín V. González,,4448,Argentina,882-366-4240,Brownwood Regional Airport
10561779,Bradly Gout,1,Physics,UNMC,bgout5v@chron.com,Male,24/11/2006,160 Manitowish Terrace,Lipljan,,,Kosovo,800-881-9924,Rock Sound Airport
10032603,Penelope Rappoport,1,Pharmacy,uk,prappoport5w@jugem.jp,Female,05/05/2003,044 Donald Park,Monte Carmelo,,38500-000,Brazil,796-938-4648,Guarulhos - Governador André Franco Montoro International Airport
10314749,Kane Petrov,1,Chemistry,uk,kpetrov5x@aboutads.info,Male,14/05/2003,8 Golf View Street,Xiaoling,,,China,318-771-9729,Carlton Hill Airport
10046361,Ki Gwilliam,2,Politics and International Relations,UNMC,kgwilliam5y@pinterest.com,Genderfluid,19/05/2005,17794 Swallow Road,Otan Aiyegbaju,,,Nigeria,480-926-4155,Liuzhou Bailian Airport
10957677,Tory Cattermole,3,Politics and International Relations,uk,tcattermole5z@adobe.com,Bigender,24/11/2005,6392 Basil Road,Otjiwarongo,,,Namibia,925-151-3809,Miho Yonago Airport
10673515,Galvin Phorsby,1,Business School,uk,gphorsby60@hp.com,Male,12/10/2006,8 Becker Alley,San Miguel,,8301,Philippines,219-889-4116,Wycombe Air Park
10793312,Valentia Cadd,2,Physics,uk,vcadd61@blogs.com,Female,14/01/2007,36780 Rusk Road,Shangzhuang,,,China,498-596-7970,George Best Belfast City Airport
10789011,Fayth Monnelly,1,Life Sciences,uk,fmonnelly62@posterous.com,Polygender,30/10/2006,5972 Oak Terrace,Skelivka,,,Ukraine,782-191-6991,Presidente Venceslau Airport
10356853,Garvin McGeechan,3,Pharmacy,UNMC,gmcgeechan63@sciencedirect.com,Male,18/05/2005,7583 Di Loreto Place,Tranås,Jönköping,573 23,Sweden,408-722-0539,Sarzana-Luni Air Base
10617398,Marnie Pessler,2,Biology,uk,mpessler64@ucoz.com,Genderqueer,29/03/2007,3478 Armistice Plaza,Magallon Cadre,,6132,Philippines,798-203-8036,Upala Airport
10394706,Andriana Glancey,3,Pharmacy,uk,aglancey65@un.org,Female,12/03/2006,5 Maywood Hill,Majan,,,Indonesia,551-228-7490,La Aurora Airport
10993190,Kellina McGloughlin,3,Chemistry,uk,kmcgloughlin66@howstuffworks.com,Female,02/03/2007,7336 Dixon Crossing,Saint-Brieuc,Bretagne,22025 CEDEX 1,France,185-657-2862,Sultan Syarif Kasim Ii (Simpang Tiga) Airport
10909144,Dannie Vereker,3,Physics,UNNC,dvereker67@odnoklassniki.ru,Male,11/12/2005,83 La Follette Drive,Jalasenga,,,Indonesia,291-782-8136,Agatti Airport
10138514,Hal Stepto,3,Life Sciences,UNNC,hstepto68@smh.com.au,Male,21/10/2003,656 Iowa Avenue,Guamal,,473029,Colombia,220-450-7796,Allen Army Airfield
10090069,Rollie Pitway,3,Physics,UNMC,rpitway69@theguardian.com,Male,28/02/2004,34283 Hoepker Court,Wuxue Shi,,,China,623-911-5741,Sihanoukville International Airport
10330535,Griff Huntar,3,Business School,UNMC,ghuntar6a@trellian.com,Male,08/02/2005,7 Upham Plaza,Hujirt,,,Mongolia,840-826-9494,West Houston Airport
10394477,Jonathan Eslemont,3,Life Sciences,UNNC,jeslemont6b@pcworld.com,Male,28/01/2005,3 Katie Point,Badagry,,,Nigeria,430-811-8847,Pinehouse Lake Airport
10833438,Maura Endrici,2,Physics,UNNC,mendrici6c@phpbb.com,Female,01/12/2005,107 Nobel Plaza,Zhuping,,,China,197-918-1478,Big Creek Airport
10055569,Rob Joderli,1,Physics,uk,rjoderli6d@psu.edu,Male,20/02/2006,09 Magdeline Circle,Gia Ray,,,Vietnam,612-163-4067,Mélio Viana Airport
10892983,Melania Pond-Jones,1,Business School,uk,mpondjones6e@google.fr,Female,08/09/2003,62 Forest Terrace,Rondonópolis,,78700-000,Brazil,949-258-6618,Ocean Falls Seaplane Base
10783164,Lannie Imloch,2,Chemistry,UNMC,limloch6f@nbcnews.com,Male,24/03/2005,3097 Pennsylvania Crossing,Johanneshov,Stockholm,121 36,Sweden,932-837-7630,Sir Grantley Adams International Airport
10856477,Erina Bigley,3,Biology,UNNC,ebigley6g@last.fm,Female,14/10/2005,5684 Waxwing Hill,Villa Santa Rosa,,5133,Argentina,101-839-0483,Kasonombe Airport
10221722,Goran Yea,3,Chemistry,UNMC,gyea6h@wix.com,Male,12/12/2002,12 Dovetail Court,Kokopo,,,Papua New Guinea,413-911-2993,Bauru Airport
10704383,Lefty Aireton,3,Physics,UNMC,laireton6i@upenn.edu,Male,26/03/2006,2494 Buell Parkway,Codajás,,69450-000,Brazil,758-297-4023,Toncontín International Airport
10664839,Elise Olfert,1,Biology,uk,eolfert6j@usa.gov,Genderfluid,26/04/2003,92 Red Cloud Street,Agía Varvára,,,Greece,994-798-7755,Long Sukang Airport
10428079,Glyn Este,2,Business School,UNMC,geste6k@ning.com,Male,13/06/2006,319 Lunder Court,Buenavista,Guerrero,39250,Mexico,613-650-6483,Mendi Airport
10492542,Brunhilda Statton,2,Pharmacy,UNMC,bstatton6l@berkeley.edu,Agender,02/01/2004,08 Jackson Street,Saue,,,Estonia,338-370-9104,Monte Dourado Airport
10046903,Alasteir Scougall,3,Politics and International Relations,UNNC,ascougall6m@army.mil,Male,21/05/2007,25 Miller Circle,Irkutsk,,664082,Russia,375-361-5538,Jesús Terán Paredo International Airport
10371794,Amy Chaucer,2,Politics and International Relations,uk,achaucer6n@ning.com,Female,01/12/2003,82 Roth Pass,Duczki,,05-205,Poland,155-627-0774,Tancredo Thomas de Faria Airport
10253445,Tessie Ruttgers,2,Biology,UNMC,truttgers6o@slate.com,Female,23/12/2003,1 Roxbury Road,Chrysó,,,Greece,299-871-9534,Rivers Airport
10949487,Win Cicchelli,2,Life Sciences,UNNC,wcicchelli6p@npr.org,Male,28/04/2005,7 Bonner Trail,Mujur,,,Indonesia,988-620-0620,Sarajevo International Airport
10050926,Aleksandr Gavriel,2,Physics,UNNC,agavriel6q@delicious.com,Non-binary,07/02/2007,81674 1st Junction,Moyogalpa,,,Nicaragua,318-346-0801,Sitiawan Airport
10489862,Matilda Sparks,1,Chemistry,UNNC,msparks6r@fc2.com,Genderqueer,17/12/2002,264 Hooker Avenue,Johor Bahru,Johor,80600,Malaysia,874-952-6654,Lissadell Airport
10590363,Cornall Vreede,1,Pharmacy,UNMC,cvreede6s@surveymonkey.com,Male,29/10/2006,1025 Washington Parkway,Heshui,,,China,792-669-5303,Muskrat Dam Airport
10455709,Berton Slay,2,Pharmacy,uk,bslay6t@discovery.com,Male,14/07/2006,0191 Fieldstone Court,Askiz,,655761,Russia,625-472-1203,Sultan Abdul Aziz Shah International Airport
10835048,Cross Mariner,1,Politics and International Relations,uk,cmariner6u@seesaa.net,Male,17/10/2004,37821 Cordelia Terrace,Kuantan,Pahang,25590,Malaysia,961-690-6001,Courchevel Airport
10381492,Grant Trott,3,Physics,uk,gtrott6v@shop-pro.jp,Male,12/12/2004,2 Loeprich Place,Jammāl,,,Tunisia,843-943-7357,General Ulpiano Paez Airport
10125717,Steven Denman,2,Business School,UNNC,sdenman6w@toplist.cz,Male,25/01/2004,19303 Rockefeller Point,La Roche-sur-Yon,Pays de la Loire,85021 CEDEX,France,874-953-5604,Gdańsk Lech Wałęsa Airport
10806414,Tania Flaunders,3,Chemistry,UNNC,tflaunders6x@skyrock.com,Female,10/04/2006,5553 Sherman Lane,Rongelap,,96960,Marshall Islands,113-311-0231,Redhill Aerodrome
10928633,Conrad Kirby,3,Physics,UNMC,ckirby6y@umn.edu,Male,25/08/2007,9 Vidon Lane,Strömsnäsbruk,Kronoberg,287 32,Sweden,877-541-0183,Rovaniemi Airport
10190277,Maddalena Hollingby,1,Life Sciences,UNNC,mhollingby6z@storify.com,Bigender,14/03/2007,665 Grasskamp Avenue,Nizhniy Chir,,404446,Russia,923-698-5972,Tumut Airport
10806206,Trumann Machen,1,Pharmacy,UNMC,tmachen70@usgs.gov,Male,17/04/2005,8 Longview Place,Yangce,,,China,771-633-1198,Reyes Murillo Airport
10539606,Kinna Lomb,3,Pharmacy,UNMC,klomb71@bing.com,Female,04/05/2005,9 Dexter Circle,Bogi,,,Indonesia,881-387-8893,Gomez Nino Apiay Air Base
10404925,Kyle Aleavy,2,Pharmacy,UNMC,kaleavy72@noaa.gov,Male,15/05/2003,53 Dayton Drive,Hoolt,,,Mongolia,865-794-5773,Moanamani Airport
10396877,Annabel Garnam,3,Politics and International Relations,UNMC,agarnam73@jimdo.com,Female,29/07/2004,65647 Shoshone Terrace,Pura,,2312,Philippines,503-607-3497,Mokpo Airport
10634822,Lincoln Matusiak,1,Chemistry,UNMC,lmatusiak74@freewebs.com,Male,29/06/2003,865 Sage Center,Tiguha,,1610,Philippines,255-836-4789,Griffiss International Airport
10918455,Che Casella,3,Biology,uk,ccasella75@angelfire.com,Male,23/11/2003,607 Westport Place,Ndewel,,,Indonesia,270-969-7334,Calicut International Airport
10562586,Gibb Medeway,3,Physics,UNMC,gmedeway76@msu.edu,Male,06/07/2007,7842 Reindahl Drive,Banisilan,,9416,Philippines,412-508-2518,Chilliwack Airport
10644069,Ashton Picheford,3,Pharmacy,UNNC,apicheford77@mayoclinic.com,Male,13/02/2005,65762 New Castle Court,Tinghir,,,Morocco,295-257-4061,Cavern City Air Terminal
10921587,Gal Kelsell,1,Biology,UNNC,gkelsell78@zdnet.com,Male,29/06/2005,4 Lukken Center,Muxagata,Guarda,5150-304,Portugal,991-633-5232,Skiros Airport
10053176,Stanton Jurisch,2,Physics,UNNC,sjurisch79@salon.com,Male,12/12/2006,277 Laurel Road,Linoan,,8106,Philippines,134-328-3328,Dallas Fort Worth International Airport
10884175,Hetti Blonfield,3,Politics and International Relations,UNNC,hblonfield7a@bandcamp.com,Female,20/04/2005,168 Bay Plaza,Alingsås,Västra Götaland,441 38,Sweden,391-858-6510,Algeciras Heliport
10764383,Giulio Newbury,2,Pharmacy,UNNC,gnewbury7b@baidu.com,Male,11/03/2003,2570 Bayside Avenue,Banjarbaru,,,Indonesia,248-951-1976,Kamberatoro Airport
10556563,Melva Norcutt,2,Pharmacy,UNNC,mnorcutt7c@yahoo.co.jp,Female,25/11/2004,390 Leroy Alley,Nāḩīyat Saddat al Hindīyah,,,Iraq,349-383-2203,Anderson Municipal Darlington Field
10110464,Andre Mulvihill,2,Politics and International Relations,uk,amulvihill7d@mapquest.com,Male,28/11/2004,58 New Castle Street,Frutillar,,,Chile,602-809-5243,Tan Tan Airport
10202961,Armand Baumler,3,Life Sciences,UNMC,abaumler7e@nbcnews.com,Agender,09/04/2007,75339 Hanson Alley,Sipe Sipe,,,Bolivia,483-442-0797,Sawyer International Airport
10941503,Aylmer Vannuccini,2,Pharmacy,UNMC,avannuccini7f@go.com,Male,28/03/2006,32 Arkansas Street,Ekenäs,,35530,Finland,268-380-6088,Jacksonville Naval Air Station (Towers Field)
10897933,Any Fakeley,2,Pharmacy,UNMC,afakeley7g@liveinternet.ru,Male,03/12/2003,2966 Dwight Pass,Arsen’yev,,692338,Russia,626-242-9810,"Noto Hadinegoro, Jember Airport"
10910048,Charlot Colebourn,3,Chemistry,UNNC,ccolebourn7h@boston.com,Female,25/02/2005,29698 Anzinger Point,Corujeira,Coimbra,3070-106,Portugal,689-922-3059,Semera Airport
10225475,Stefa Tosspell,2,Politics and International Relations,UNNC,stosspell7i@geocities.jp,Female,11/04/2004,3743 Steensland Road,Kademangan,,,Indonesia,409-843-5806,Mweka Airport
10088907,Kendall Raynor,2,Chemistry,UNMC,kraynor7j@usa.gov,Male,25/03/2005,89 Cherokee Drive,Nahuo,,,China,893-551-1252,Pratt Regional Airport
10487589,Willis Deeney,1,Politics and International Relations,UNNC,wdeeney7k@apple.com,Male,09/09/2003,0588 Beilfuss Park,Mandikbatu,,,Indonesia,643-553-4644,Karlsruhe Baden-Baden Airport
10367988,Hazlett Cleiment,1,Politics and International Relations,UNMC,hcleiment7l@va.gov,Male,15/07/2004,5 Meadow Ridge Road,Tbêng Méanchey,,,Cambodia,524-567-7159,Murrin Murrin Airport
10483596,Kathryne Vakhrushev,2,Biology,UNNC,kvakhrushev7m@storify.com,Female,12/06/2007,89288 Tennessee Park,Daixi,,,China,326-381-9100,Tamuin Airport
10305204,Gates Nibloe,3,Physics,uk,gnibloe7n@jigsy.com,Female,20/04/2006,149 Helena Point,Kirovsk,,184256,Russia,211-818-7187,Bill & Hillary Clinton National Airport/Adams Field
10839780,Sasha Genn,3,Politics and International Relations,uk,sgenn7o@jigsy.com,Male,03/04/2006,25 Fuller Hill,Pedamaran,,,Indonesia,573-353-5567,Incheon International Airport
10612854,Benedikt Aizik,3,Physics,UNNC,baizik7p@usda.gov,Male,09/11/2002,7744 Acker Park,Lashkar Gāh,,,Afghanistan,203-774-9403,Leonardo da Vinci–Fiumicino Airport
10618227,Rogers McTrustam,1,Physics,UNMC,rmctrustam7q@php.net,Male,08/09/2006,23346 Fisk Center,Krzczonów,,32-435,Poland,982-856-9337,Hartness State (Springfield) Airport
10605877,Kelcey Breffitt,2,Life Sciences,UNNC,kbreffitt7r@deviantart.com,Female,27/10/2004,890 Calypso Road,Hongyan,,,China,538-636-6733,Ouanda Djallé Airport
10543429,Claudie Skase,3,Chemistry,UNMC,cskase7s@furl.net,Female,19/07/2007,90438 Annamark Park,Banqiao,,,China,692-637-7795,Havadarya Airport
10096378,Allie Rylands,1,Politics and International Relations,UNMC,arylands7t@noaa.gov,Bigender,10/02/2004,44 Thackeray Street,Colonia Mauricio José Troche,,,Paraguay,909-610-2595,Durango La Plata County Airport
10889710,Langston Pumphrey,2,Biology,UNNC,lpumphrey7u@sina.com.cn,Male,28/01/2007,94 Rockefeller Court,Bento Gonçalves,,95700-000,Brazil,153-804-9163,General WM J Fox Airfield
10587415,Tedda Moutray Read,3,Physics,uk,tmoutray7v@artisteer.com,Female,04/06/2004,2 Meadow Valley Pass,Suqu,,,China,536-310-0030,San Cristobal de las Casas Airport
10221104,Darcie Lacy,1,Biology,UNNC,dlacy7w@goodreads.com,Female,24/09/2002,8441 Pepper Wood Point,Zhangguanying,,,China,804-324-2868,Húsavík Airport
10154838,Addi Sealand,3,Physics,UNNC,asealand7x@reuters.com,Female,16/12/2002,95 Starling Court,Seia,Guarda,6270-405,Portugal,647-932-0463,Arrabury Airport
10981265,Nap Trenbay,2,Pharmacy,UNMC,ntrenbay7y@guardian.co.uk,Non-binary,23/07/2004,89596 Grayhawk Place,Raşad,,,Yemen,145-109-5043,Huslia Airport
10732287,Paule Gobeau,2,Biology,UNMC,pgobeau7z@accuweather.com,Female,23/05/2005,6 Oneill Junction,Ḩurayḑah,,,Yemen,402-415-5184,Kamarang Airport
10249468,Rosita Gabbetis,1,Physics,uk,rgabbetis80@patch.com,Female,21/05/2007,614 Dakota Junction,Lāchi,,26360,Pakistan,807-490-6996,La Araucanía Airport
10893546,Euphemia Itscovitz,3,Politics and International Relations,UNNC,eitscovitz81@dmoz.org,Female,27/01/2004,8 Summer Ridge Court,Selaparang Timur,,,Indonesia,960-412-7922,Skellefteå Airport
10095992,Lorianna Buckhurst,2,Chemistry,uk,lbuckhurst82@alexa.com,Female,22/07/2006,664 Spaight Street,Ibusuki,,574-0072,Japan,319-221-8574,Udon Thani Airport
10176298,Rosamund Henze,2,Biology,UNMC,rhenze83@yahoo.com,Female,25/07/2004,1 Orin Hill,Taipalsaari,,54920,Finland,952-445-1838,Tanjung Santan Airport
10755189,Eden Keenleyside,3,Biology,UNNC,ekeenleyside84@hp.com,Female,19/01/2003,8 Carpenter Park,Eshan,,,China,213-727-2963,Baleela Airport
10462523,Sander Drewe,1,Business School,UNMC,sdrewe85@amazon.de,Male,19/06/2004,927 Scoville Junction,Łęczyce,,84-218,Poland,316-369-9471,Jorge Isaac Airport
10616079,Armando Grinov,1,Life Sciences,UNNC,agrinov86@about.com,Male,16/07/2006,8780 Gateway Street,Pampanito,,,Venezuela,840-740-9350,Malikus Saleh Airport
10044036,Tonnie Doorey,2,Physics,uk,tdoorey87@yellowpages.com,Male,06/01/2007,802 Farmco Drive,Tílisos,,,Greece,317-169-8772,Kauhajoki Airport
10227779,Lexine Davydenko,2,Politics and International Relations,uk,ldavydenko88@yahoo.com,Female,07/03/2004,2 High Crossing Avenue,Aisai,,503-0644,Japan,634-142-6847,Liuting Airport
10895242,Clotilda Yankin,3,Life Sciences,UNMC,cyankin89@opensource.org,Female,06/11/2006,91442 Fairfield Avenue,Gusinoozyorsk,,671178,Russia,210-228-1456,Souanke Airport
10272772,Isabelle Sones,1,Physics,uk,isones8a@europa.eu,Female,01/02/2006,136 Riverside Center,Yidao,,,China,448-811-0276,Arapahoe Municipal Airport
10524517,Brooke Puddefoot,2,Physics,UNNC,bpuddefoot8b@ucla.edu,Male,16/04/2003,1461 Hooker Way,Évreux,Haute-Normandie,27929 CEDEX 9,France,214-740-2892,Ndjili International Airport
10182411,Antoine Skeldon,2,Politics and International Relations,UNMC,askeldon8c@independent.co.uk,Male,05/08/2004,11914 Hanover Parkway,Zuya,,,Ukraine,540-184-1661,General Urquiza Airport
10611670,Denver Druce,1,Politics and International Relations,UNNC,ddruce8d@wikimedia.org,Male,25/10/2004,877 Morning Drive,Agía Foteiní,,,Greece,315-231-7461,General E. Mosconi Airport
10969202,Tomasine Thompkins,1,Business School,UNNC,tthompkins8e@mlb.com,Female,15/02/2005,027 Fordem Plaza,Las Vegas,Nevada,89135,United States,702-541-9921,El Reno Regional Airport
10138320,Tann Berardt,2,Life Sciences,uk,tberardt8f@un.org,Male,13/09/2007,77 Becker Way,Anuchino,,692311,Russia,819-295-5332,Ja'Aluni Airport
10773103,Abbe Balshen,3,Physics,UNNC,abalshen8g@phpbb.com,Male,06/08/2004,654 Pawling Hill,Singojuruh,,,Indonesia,701-105-9539,Baleela Airport
10820836,Eleanore Flett,3,Pharmacy,uk,eflett8h@i2i.jp,Female,27/12/2004,1 Sloan Plaza,Ad Dīs ash Sharqīyah,,,Yemen,220-755-5599,Balgo Hill Airport
10234113,Krysta Bottrill,1,Business School,UNMC,kbottrill8i@furl.net,Genderqueer,24/10/2003,22730 Vera Avenue,Şabāḩ as Sālim,,,Kuwait,714-475-6218,Kindamba Airport
10465768,Demott Dowbekin,3,Pharmacy,UNMC,ddowbekin8j@webs.com,Male,28/09/2004,89 Parkside Lane,Yuanba,,,China,413-270-7966,Konduz Airport
10542492,Jesse Roches,1,Business School,UNMC,jroches8k@biblegateway.com,Male,25/04/2003,1 Waywood Trail,Starokorsunskaya,,385274,Russia,307-792-9686,Kobe Airport
10151157,Rupert Dufoure,1,Physics,UNMC,rdufoure8l@nydailynews.com,Male,05/03/2006,29 Debra Place,Bradenton,Florida,34282,United States,941-938-1861,Friday Harbor Airport
10361930,Mandi Stolte,2,Biology,UNNC,mstolte8m@blog.com,Female,04/05/2004,274 Nova Center,Sasar,,,Indonesia,754-503-7010,Kaélé Airport
10045823,Dino Chazotte,1,Business School,uk,dchazotte8n@globo.com,Male,22/04/2003,20537 Blackbird Point,Tabatinga,,14910-000,Brazil,250-683-1819,Koliganek Airport
10272776,Krystalle Whimper,1,Pharmacy,uk,kwhimper8o@angelfire.com,Female,24/08/2004,37 Vera Place,Brušperk,,739 44,Czech Republic,731-430-5392,Gainesville Municipal Airport
10028961,Krissy Fobidge,2,Physics,uk,kfobidge8p@wp.com,Female,30/07/2004,1 Express Avenue,Quebo,,,Guinea-Bissau,449-382-0766,Boang Airport
10394022,Raddy Airton,3,Physics,UNNC,rairton8q@fc2.com,Male,07/12/2002,97 Pearson Way,Parung,,,Indonesia,653-899-8023,Moore County Airport
10440999,Arlyne Draayer,1,Pharmacy,UNNC,adraayer8r@ca.gov,Female,24/03/2004,73 Talisman Park,Fryazino,,141196,Russia,156-297-7831,Krókstaðarmelar Airport
10492692,Max Dowker,1,Life Sciences,uk,mdowker8s@sun.com,Male,21/03/2006,1788 Saint Paul Point,Riverton,,9847,New Zealand,673-288-3421,Walla Walla Regional Airport
10999740,Talbot Elletson,1,Business School,UNMC,telletson8t@illinois.edu,Male,20/03/2004,01 Ryan Road,Mosquera,,250047,Colombia,644-467-8856,Annette Island Airport
10311309,Cati Ikringill,1,Politics and International Relations,UNNC,cikringill8u@msu.edu,Female,04/06/2005,7 Marquette Street,Nybro,Kalmar,382 91,Sweden,659-140-1998,Teterboro Airport
10085787,Dallon Gleasane,3,Politics and International Relations,UNMC,dgleasane8v@weebly.com,Male,07/03/2007,536 Mallory Plaza,Samara,,404146,Russia,691-308-2663,Maestro Marinho Franco Airport
10611302,Meghann Mannion,2,Life Sciences,UNMC,mmannion8w@pagesperso-orange.fr,Non-binary,24/09/2002,397 Sunfield Street,Nanyanchuan,,,China,920-824-4619,Changhai Airport
10368857,Dalis Hordell,2,Biology,UNMC,dhordell8x@amazon.de,Male,18/11/2005,1901 Marquette Court,Charlton,England,OX12,United Kingdom,413-188-5496,Laverton Airport
10769805,Angeli Capstack,3,Pharmacy,uk,acapstack8y@ameblo.jp,Male,08/02/2004,43986 Charing Cross Circle,Pyhäjoki,,86101,Finland,934-911-9574,Kugluktuk Airport
10873959,Yves Perdue,3,Politics and International Relations,uk,yperdue8z@slideshare.net,Male,13/10/2002,30785 Superior Circle,Pacatuba,,49970-000,Brazil,385-103-1447,Abou-Deïa Airport
10699443,Terry Thirlwell,2,Physics,uk,tthirlwell90@blinklist.com,Male,11/05/2004,675 Hauk Point,Badian,,6011,Philippines,798-543-4325,Yangzhou Taizhou Airport
10491751,Yvor Allnutt,3,Biology,uk,yallnutt91@cnbc.com,Male,02/08/2005,689 Schiller Lane,Yong’an,,,China,111-543-4314,Surkhet Airport
10419419,Valerie Houndson,2,Physics,UNMC,vhoundson92@narod.ru,Female,14/04/2003,55 Bultman Hill,Kesamben,,,Indonesia,508-623-6565,Elrose Airport
10760005,Blanch Lepoidevin,1,Physics,uk,blepoidevin93@google.cn,Genderqueer,04/09/2005,57754 American Plaza,Voskopojë,,,Albania,116-824-6072,Jahrom Airport
10599446,Chalmers Kedge,3,Biology,UNNC,ckedge94@elpais.com,Male,11/09/2003,246 Fisk Terrace,Kemil,,,Indonesia,935-914-8200,Picos Airport
10096486,Klarika Shemming,3,Chemistry,UNMC,kshemming95@phoca.cz,Female,14/10/2002,818 Sunfield Road,Pofadder,,8892,South Africa,234-880-5938,Thornhill Air Base
10102516,Lyn Josefovic,3,Biology,UNMC,ljosefovic96@senate.gov,Male,05/02/2007,17 Bayside Circle,Pederneiras,,17280-000,Brazil,979-178-7055,Skardu Airport
10402541,Hilly O'Hegertie,2,Physics,UNMC,hohegertie97@webs.com,Male,11/04/2003,4295 Northwestern Center,Ārifwāla,,50770,Pakistan,344-160-1809,Bazhong Enyang Airport
10300708,Fredrick Skym,1,Pharmacy,UNNC,fskym98@bbb.org,Male,03/04/2007,0418 Magdeline Avenue,Lucheng,,,China,769-353-6423,Roti Airport
10849673,Wald Bryenton,2,Business School,UNMC,wbryenton99@netlog.com,Male,16/04/2007,38 Alpine Avenue,Gospić,,53000,Croatia,243-356-3127,Tikehau Airport
10585728,Irwinn Espino,2,Pharmacy,UNNC,iespino9a@theguardian.com,Male,02/03/2004,96431 Menomonie Terrace,Lazaro Cardenas,Sinaloa,81803,Mexico,998-884-9008,Waterbury Oxford Airport
10782249,Eduino Coulman,1,Politics and International Relations,uk,ecoulman9b@hostgator.com,Male,29/10/2002,72310 Melvin Circle,Taivalkoski,,93401,Finland,296-487-2186,Båtsfjord Airport
10047533,Rubin Guilliland,1,Business School,UNMC,rguilliland9c@xing.com,Male,16/09/2006,26 Westport Trail,Fullerton,California,92835,United States,714-336-6416,Dwangwa Airport
10486172,Horten Gozney,2,Business School,UNNC,hgozney9d@topsy.com,Male,06/05/2004,51 Thackeray Way,Stanisław Górny,,34-103,Poland,930-978-5511,Gurney Airport
10786526,Minna Mityukov,2,Pharmacy,UNNC,mmityukov9e@yahoo.co.jp,Female,04/08/2006,9 Village Green Road,Panshi,,,China,159-617-6572,Juana Azurduy De Padilla Airport
10541136,Stirling Twaits,2,Business School,UNNC,stwaits9f@phoca.cz,Male,25/06/2003,7020 Marquette Place,Curumaní,,203067,Colombia,225-199-3992,Pattani Airport
10162504,Rowland Antat,1,Business School,uk,rantat9g@usnews.com,Male,18/07/2003,3 Doe Crossing Point,Dongjie,,,China,639-560-1306,Comodoro Pedro Zanni Airport
10804604,Hinze Berthe,1,Biology,UNNC,hberthe9h@msn.com,Male,06/04/2003,2 Thackeray Point,Kallithéa,,,Greece,671-703-8760,Kefallinia Airport
10027774,Joey Blackaller,2,Pharmacy,UNNC,jblackaller9i@123-reg.co.uk,Male,11/03/2006,973 Hollow Ridge Way,Alor Setar,Kedah,05672,Malaysia,865-132-2529,Hopetoun Airport
10270340,Phylys Laying,2,Pharmacy,uk,playing9j@phoca.cz,Female,01/07/2003,89 Vernon Lane,Kidričevo,,2325,Slovenia,353-787-8769,Maniitsoq Airport
10666935,Xenos Aingell,2,Chemistry,UNMC,xaingell9k@amazon.co.jp,Male,17/01/2004,75681 Claremont Trail,Sokol,,347252,Russia,262-380-4749,Delingha Airport
10265314,Windy Kamienski,3,Chemistry,UNNC,wkamienski9l@mozilla.com,Female,23/11/2002,82606 Saint Paul Way,Alingsås,Västra Götaland,441 28,Sweden,549-736-1892,Port Protection Seaplane Base
10223697,Rube M'Quharg,2,Chemistry,UNMC,rmquharg9m@1und1.de,Bigender,23/04/2005,403 Dahle Hill,Petrovice u Karviné,,735 72,Czech Republic,719-944-9940,Fontaine Airport
10636231,Rustie McGiven,1,Biology,UNNC,rmcgiven9n@foxnews.com,Agender,22/03/2007,1 Cody Trail,Vykhino-Zhulebino,,140454,Russia,839-905-2076,Kalamazoo Battle Creek International Airport
10027800,Frederik Chaddock,1,Biology,UNMC,fchaddock9o@cam.ac.uk,Male,15/02/2004,094 Forest Crossing,Zhuyeping,,,China,334-334-5039,Torokina Airport
10874251,Micky Lefeaver,3,Physics,uk,mlefeaver9p@123-reg.co.uk,Male,05/01/2006,8 Spohn Alley,Huangrangping,,,China,305-886-3444,Seldovia Airport
10224925,Orv Greasty,1,Chemistry,UNMC,ogreasty9q@twitpic.com,Male,10/11/2005,5595 Charing Cross Park,Pszczew,,66-330,Poland,141-985-7533,Alenquer Airport
10135186,Dietrich Rignall,1,Biology,uk,drignall9r@miibeian.gov.cn,Male,05/05/2005,5 Tomscot Point,Pagak,,,Indonesia,161-721-2413,Tibú Airport
10984496,Angelico Morewood,1,Physics,uk,amorewood9s@java.com,Male,01/01/2003,73 Crescent Oaks Park,Delicias,,,Venezuela,405-462-2042,Kapal Airport
10142750,Avictor Rattery,1,Chemistry,UNMC,arattery9t@vistaprint.com,Genderfluid,15/01/2004,7399 Annamark Terrace,San Agustín Acasaguastlán,,02003,Guatemala,399-367-7572,Magnitogorsk International Airport
10750721,Lem Matignon,2,Biology,UNNC,lmatignon9u@about.me,Male,30/01/2003,6 Bluestem Trail,Union,,4314,Philippines,472-309-6596,Monroe County Airport
10771612,Willdon Pharo,3,Life Sciences,uk,wpharo9v@behance.net,Male,24/04/2006,99746 Dayton Lane,Medalem,,,Indonesia,377-117-8646,Straubing Airport
10874763,Gonzales Hellwing,1,Physics,uk,ghellwing9w@google.co.uk,Male,21/04/2003,3 Village Green Lane,Buzet,,52420,Croatia,439-878-8547,Ikamiut Heliport
10830230,Edlin Whall,3,Pharmacy,UNNC,ewhall9x@ifeng.com,Male,03/11/2003,23 Golf Course Lane,Zhangdian,,,China,189-211-2135,Capitan V A Almonacid Airport
10912982,Dee dee Georgius,3,Politics and International Relations,UNNC,ddee9y@friendfeed.com,Female,11/01/2004,1 Corben Lane,Imsida,,ZTN,Malta,112-424-1781,Hateruma Airport
10926413,Pedro Rollings,3,Politics and International Relations,UNNC,prollings9z@imgur.com,Male,05/03/2004,912 Northwestern Court,Chengnan,,,China,543-459-7138,Jipijapa Airport
10248070,Dallas Solman,2,Physics,UNNC,dsolmana0@shinystat.com,Agender,19/02/2003,0196 Quincy Center,Huangpi,,,China,203-783-3319,Yoshkar-Ola Airport
10288204,Cheri Wagge,2,Pharmacy,UNNC,cwaggea1@apache.org,Female,09/11/2004,7583 Katie Pass,Tongbang,,,Indonesia,887-129-8270,Baitadi Airport
10094169,Trent Alejandro,3,Politics and International Relations,UNNC,talejandroa2@simplemachines.org,Male,15/11/2003,44659 Glendale Parkway,Panenjoan,,,Indonesia,751-795-5990,Ponta Porã Airport
10458191,Marie Varsey,2,Physics,UNNC,mvarseya3@themeforest.net,Female,15/10/2003,49 Green Ridge Court,Budzów,,34-211,Poland,672-373-4869,Hattiesburg Bobby L Chain Municipal Airport
10250718,Joycelin Iacomini,1,Chemistry,UNNC,jiacominia4@bizjournals.com,Female,28/10/2003,47 Glacier Hill Pass,Padaran,,,Indonesia,848-452-5766,Tunxi International Airport
10443603,Mannie Ragate,1,Politics and International Relations,UNNC,mragatea5@yahoo.co.jp,Male,16/02/2005,2827 Thierer Way,Tulungagung,,,Indonesia,743-640-8398,Kugaaruk Airport
10397753,Aguste Eustanch,3,Life Sciences,UNMC,aeustancha6@house.gov,Male,03/03/2007,676 Eagle Crest Lane,Kariya,,969-1619,Japan,773-888-2055,Bagan Airport
10320578,D'arcy Bolwell,1,Life Sciences,UNMC,dbolwella7@miibeian.gov.cn,Male,11/06/2004,9 Aberg Place,Phoenix,Arizona,85025,United States,602-217-4159,Center Island Airport
10247410,Tiffie Sponder,1,Life Sciences,uk,tspondera8@xrea.com,Female,24/11/2004,41512 Scott Point,Bang Ban,,13250,Thailand,760-673-7949,Ellsworth Air Force Base
10110557,Kristen Furneaux,1,Politics and International Relations,UNNC,kfurneauxa9@yandex.ru,Female,18/05/2006,29 Schurz Parkway,Vrbice,,735 51,Czech Republic,200-600-2532,Toowoomba Airport
10562842,Sibilla MacAlaster,3,Business School,UNNC,smacalasteraa@networkadvertising.org,Female,05/02/2004,55063 Homewood Pass,Jubb Ramlah,,,Syria,665-489-1346,Naval Outlying Field Imperial Beach (Ream Field)
10913132,Trixy Milham,1,Biology,UNMC,tmilhamab@w3.org,Female,02/11/2003,02218 Sundown Terrace,Sayaq,,,Kazakhstan,250-821-9321,Akureyri Airport
10064285,Christophe Rimmer,1,Physics,UNNC,crimmerac@buzzfeed.com,Male,18/11/2004,4946 4th Point,Drochia,,MD-5233,Moldova,895-572-6762,Cap FAP David Abenzur Rengifo International Airport
10279367,Haywood Julyan,3,Chemistry,uk,hjulyanad@eepurl.com,Male,04/06/2004,30579 Upham Terrace,Ersekë,,,Albania,285-921-1441,Windarra Airport
10032610,Bridget Matveyev,2,Biology,UNNC,bmatveyevae@odnoklassniki.ru,Female,20/02/2007,4421 Arapahoe Center,Ciudad Barrios,,,El Salvador,847-985-5404,Milas Bodrum International Airport
10690810,Boy Bison,3,Life Sciences,uk,bbisonaf@facebook.com,Male,30/11/2004,584 Green Terrace,Nogent-le-Rotrou,Centre,28404 CEDEX,France,659-303-4777,Shiyan Wudangshan Airport
10541016,Benita Kalinsky,3,Business School,UNMC,bkalinskyag@state.gov,Female,14/11/2004,03 Old Gate Point,Xinzheng,,,China,864-420-9379,Bewani Airport
10140944,Wadsworth Dukesbury,1,Life Sciences,UNMC,wdukesburyah@example.com,Male,02/03/2005,210 Portage Trail,Robatal,,,Indonesia,141-816-0555,Mondell Field
10812696,Briny Gobel,2,Biology,UNMC,bgobelai@mapy.cz,Female,19/01/2005,0 Sloan Terrace,Bakung,,,Indonesia,663-382-8794,Jack Edwards Airport
10018701,Cortney Gapp,1,Life Sciences,UNNC,cgappaj@purevolume.com,Female,22/12/2003,765 Graedel Junction,Rizómilos,,,Greece,268-449-6430,Viveros Island Airport
10082953,Trefor Plinck,2,Chemistry,uk,tplinckak@ezinearticles.com,Male,24/07/2006,6 Cascade Terrace,Waitara,,4346,New Zealand,697-682-3085,Shaktoolik Airport
10005038,Editha Leppo,2,Physics,UNNC,eleppoal@discuz.net,Female,08/10/2004,632 Farmco Center,'s-Hertogenbosch,Provincie Noord-Brabant,5214,Netherlands,482-949-3361,Melbourne Essendon Airport
10731914,Lynelle Kahen,2,Life Sciences,uk,lkahenam@alibaba.com,Female,14/06/2005,1 Meadow Valley Center,Kostelec nad Černými Lesy,,281 63,Czech Republic,848-332-1818,Kanas Airport
10284034,Minne Govan,3,Life Sciences,UNNC,mgovanan@yandex.ru,Female,31/07/2004,89 Ilene Road,Údlice,,431 41,Czech Republic,105-976-7719,Piedras Negras International Airport
10096015,Tasha Moynham,1,Politics and International Relations,UNMC,tmoynhamao@paginegialle.it,Female,09/12/2003,1600 Lake View Court,Albania,,684537,Colombia,499-716-4826,Fort Smith Regional Airport
10152308,Ezri Scramage,3,Business School,UNNC,escramageap@netlog.com,Male,11/09/2004,789 Village Parkway,Pesucen,,,Indonesia,657-406-8064,Gelephu Airport
10369783,Bria Antonias,1,Biology,UNNC,bantoniasaq@bloglines.com,Female,26/02/2007,9130 Melvin Way,Sączów,,42-595,Poland,661-746-7552,Sioux Lookout Airport
10647755,Benjie Murkin,3,Business School,UNMC,bmurkinar@oaic.gov.au,Male,14/06/2007,21 Evergreen Crossing,Notodden,Telemark,3675,Norway,338-198-3512,Olyokminsk Airport
10267328,Brien Schrieves,2,Business School,uk,bschrievesas@artisteer.com,Male,22/05/2006,743 Springs Alley,Roma,Lazio,00163,Italy,725-403-0540,Ankang Wulipu Airport
10812226,Beatrice Leman,2,Biology,UNNC,blemanat@addthis.com,Female,28/08/2007,5901 Melody Park,Klevan’,,,Ukraine,367-193-4919,Bingöl Çeltiksuyu Airport
10102756,Ethan Aslie,2,Pharmacy,UNMC,easlieau@constantcontact.com,Male,01/03/2005,592 Dixon Street,Achiaman,,,Ghana,615-814-9737,Noyabrsk Airport
10781938,Earl Lesley,2,Pharmacy,UNNC,elesleyav@ucoz.com,Male,03/01/2006,541 Buell Crossing,Didi Lilo,,,Georgia,666-986-1928,Delta Junction Airport
10368133,Ban McGilmartin,2,Life Sciences,UNNC,bmcgilmartinaw@google.com,Male,16/02/2007,6867 Dahle Park,Żółkiewka,,22-335,Poland,560-880-4668,Magway Airport
10340702,Boigie Trowell,1,Pharmacy,uk,btrowellax@oakley.com,Male,29/08/2005,65 Reindahl Center,Chian Yai,,80190,Thailand,565-566-0382,Ambler Airport
10294115,Padgett Patinkin,1,Life Sciences,UNNC,ppatinkinay@wikispaces.com,Male,06/06/2004,90857 Iowa Parkway,Mrongi Daja,,,Indonesia,596-984-9570,Durham Tees Valley Airport
10241436,Lucretia Meredyth,3,Business School,UNNC,lmeredythaz@netvibes.com,Female,18/04/2003,9913 Towne Plaza,Chum Phae,,40130,Thailand,305-890-6801,Collarenebri Airport
10696974,Cobbie Camber,3,Business School,UNNC,ccamberb0@alexa.com,Male,02/03/2003,0 Muir Circle,Yangjiapo,,,China,139-212-5298,Tucson International Airport
10455091,Ewen Cayette,2,Biology,UNNC,ecayetteb1@nyu.edu,Male,14/12/2006,30182 Coleman Lane,Tuchoměřice,,252 67,Czech Republic,423-600-1737,Öndörkhaan Airport
10218789,Ninon Inge,3,Business School,uk,ningeb2@geocities.jp,Female,05/06/2006,54568 Mayfield Center,Olesno,,46-300,Poland,629-885-8125,Langley Airport
10377766,Ceil Glisane,2,Chemistry,UNMC,cglisaneb3@live.com,Female,18/08/2006,88464 Jenna Point,Zhongshi,,,China,910-160-1246,Mafia Island Airport
10599745,Adriane Gricks,1,Life Sciences,UNMC,agricksb4@npr.org,Female,29/09/2003,19 Doe Crossing Street,Ningxin,,,China,413-224-2976,Hosea Kutako International Airport
10871995,Lizette McGowing,2,Life Sciences,UNNC,lmcgowingb5@hud.gov,Female,20/10/2006,75 Rigney Park,Dallas,Texas,75236,United States,972-584-4767,Wilkes Barre Wyoming Valley Airport
10812482,Nessy Kupec,3,Life Sciences,UNMC,nkupecb6@hibu.com,Polygender,24/09/2002,52884 Manufacturers Avenue,Chor,,47001,Pakistan,632-531-3819,Bella Yella Airport
10324846,Kally Normavell,2,Biology,uk,knormavellb7@wired.com,Female,17/01/2005,286 Michigan Center,Smederevo,,,Serbia,170-385-8605,Arak Airport
10429833,Willem Samuel,1,Life Sciences,UNMC,wsamuelb8@unc.edu,Male,27/05/2005,581 New Castle Junction,Montemor-o-Velho,Coimbra,3140-253,Portugal,670-498-7376,Pauk Airport
10729704,Alene Tindall,1,Pharmacy,UNNC,atindallb9@eventbrite.com,Female,28/09/2004,1142 Oneill Terrace,Yongfeng,,,China,861-703-7258,Fort Scott Municipal Airport
10653334,Stanwood De Simone,2,Physics,uk,sdeba@accuweather.com,Male,11/10/2006,8818 Summer Ridge Park,Burgos,,8424,Philippines,188-146-3691,Dr Augusto Roberto Fuster International Airport
10355080,Vinson Daskiewicz,1,Physics,UNMC,vdaskiewiczbb@theglobeandmail.com,Male,15/06/2003,428 Annamark Court,Pangascasan,,2504,Philippines,415-446-6639,Defiance Memorial Airport
10297769,Karla Impett,1,Politics and International Relations,UNNC,kimpettbc@wunderground.com,Female,28/05/2007,302 Thierer Point,Rungis,Île-de-France,94598 CEDEX 2,France,800-309-6082,Graz Airport
10059649,Micky Calvie,1,Politics and International Relations,uk,mcalviebd@tinyurl.com,Female,10/08/2006,6048 Lakeland Parkway,Cidima,,,Indonesia,608-987-5484,Spangdahlem Air Base
10928265,Lanie Scruby,2,Pharmacy,uk,lscrubybe@nsw.gov.au,Male,28/12/2004,929 Trailsway Crossing,Takarazuka,,666-0137,Japan,418-929-1303,Tamarindo Airport
10371691,Zenia Drakeley,3,Chemistry,UNMC,zdrakeleybf@wikimedia.org,Female,29/05/2005,99 Helena Way,Murcia,,6129,Philippines,531-913-1844,Kryvyi Rih International Airport
10203625,Muffin Crannage,3,Business School,uk,mcrannagebg@ycombinator.com,Male,04/11/2004,524 Crownhardt Center,Felege Neway,,,Ethiopia,622-546-3891,General Rodolfo Sánchez Taboada International Airport
10532549,Linell Beining,3,Life Sciences,uk,lbeiningbh@netvibes.com,Female,24/07/2004,4 Spenser Circle,Ouégoa,,98821,New Caledonia,984-877-2309,Truckee Tahoe Airport
10826665,Klement Fauning,3,Pharmacy,uk,kfauningbi@csmonitor.com,Male,09/12/2004,228 Stone Corner Crossing,Caluya,,5711,Philippines,512-861-4910,Redwood Falls Municipal Airport
10268843,Robinet Sauvage,3,Chemistry,UNMC,rsauvagebj@bluehost.com,Male,23/09/2004,7 North Way,Kabala,,,Sierra Leone,395-343-5800,Bella Bella (Campbell Island) Airport
10799933,Erskine Trinder,3,Biology,uk,etrinderbk@arizona.edu,Male,21/06/2005,66759 Golden Leaf Terrace,Riosucio,,178057,Colombia,641-868-0997,Bundaberg Airport
10351855,Gare Brokenbrow,1,Business School,UNMC,gbrokenbrowbl@usnews.com,Male,13/11/2002,1561 Glacier Hill Lane,Lacabamba,,,Peru,365-217-0496,Townsville Airport
10335135,Alfy Rozanski,2,Physics,UNMC,arozanskibm@ycombinator.com,Male,10/03/2004,89790 Holy Cross Parkway,Frydek,,43-229,Poland,936-188-5983,Karlsruhe Baden-Baden Airport
10600547,Alan Chattelaine,1,Chemistry,UNMC,achattelainebn@tumblr.com,Male,19/07/2006,30 Vernon Pass,Nanxi,,,China,993-413-0731,Teniente Coronel Rafael Pabón Airport
10056199,Basia Pinder,2,Business School,uk,bpinderbo@seesaa.net,Female,04/02/2004,44760 Bayside Alley,Durazno,,,Uruguay,335-425-3702,Mersa Matruh Airport
10958127,Joey Yakolev,2,Pharmacy,UNNC,jyakolevbp@nih.gov,Male,07/03/2006,67344 Kennedy Avenue,Trondheim,Sor-Trondelag,7445,Norway,915-478-9071,Shakawe Airport
10766254,Ivy Ullrich,1,Business School,UNNC,iullrichbq@bluehost.com,Female,15/05/2004,62 Lakeland Lane,Barda,,,Azerbaijan,446-150-0416,Bunia Airport
10625154,Allis Noddle,2,Life Sciences,uk,anoddlebr@diigo.com,Female,15/05/2003,87 Granby Hill,Mirador,,87840-000,Brazil,616-654-6294,Ranai Airport
10364606,Orelee Oldaker,2,Business School,UNNC,ooldakerbs@home.pl,Female,11/11/2004,6473 Amoth Center,Słotowa,,39-225,Poland,791-645-0236,Lady Elliot Island Airstrip
10909240,Keane Haliburton,2,Physics,UNNC,khaliburtonbt@usa.gov,Agender,18/01/2005,4 Aberg Hill,Yunmeng Chengguanzhen,,,China,191-140-8597,Bearskin Lake Airport
10710505,Umeko Trainer,2,Life Sciences,UNMC,utrainerbu@wordpress.com,Female,18/11/2002,9 Kenwood Point,Jianqiao,,,China,899-812-8391,Cape Romanzof LRRS Airport
10795595,Ros Larcombe,3,Life Sciences,UNNC,rlarcombebv@privacy.gov.au,Female,26/06/2005,54536 Hudson Alley,Chorente,Braga,4755-121,Portugal,203-919-6751,Kassel-Calden Airport
10917548,Anthiathia Goult,1,Physics,UNMC,agoultbw@xrea.com,Female,01/12/2005,99 Forster Pass,Boissy-Saint-Léger,Île-de-France,94474 CEDEX,France,288-591-5324,Mara Lodges Airport
10863246,Maryanna Daviot,3,Politics and International Relations,UNNC,mdaviotbx@biglobe.ne.jp,Female,01/11/2003,6 Shoshone Point,Dzikowiec,,36-122,Poland,336-167-1658,Marcos A. Gelabert International Airport
10236323,Erma Clarke-Williams,1,Chemistry,UNMC,eclarkewilliamsby@deviantart.com,Female,22/03/2004,7639 Swallow Way,Okrika,,,Nigeria,860-329-3304,Chafei Amsei Airport
10370527,Norrie Tinson,2,Politics and International Relations,UNMC,ntinsonbz@exblog.jp,Female,17/08/2007,5479 Sherman Crossing,Wissembourg,Alsace,67165 CEDEX,France,648-915-5872,Massena International Richards Field
10542433,Ronny Gabites,1,Physics,uk,rgabitesc0@springer.com,Male,01/07/2006,3 Stang Plaza,Krasnokholm,,461360,Russia,232-150-8781,Sierra Grande Airport
10633535,Franklin Belcham,1,Politics and International Relations,UNNC,fbelchamc1@independent.co.uk,Male,01/01/2005,12 Miller Pass,Río Ceballos,,5113,Argentina,542-660-0832,Scarlett Martinez International Airport
10169822,Cullin Hibbart,1,Physics,UNMC,chibbartc2@nps.gov,Male,18/03/2006,149 Tomscot Way,Chengzhong,,,China,856-989-3159,Tottori Airport
10303609,Keely Dorsett,3,Politics and International Relations,UNNC,kdorsettc3@businesswire.com,Genderfluid,07/05/2006,99 Superior Road,Otrado-Kubanskoye,,352189,Russia,338-571-3945,Belaga Airport
10453700,Trenton Pennyman,2,Business School,UNNC,tpennymanc4@skyrock.com,Male,23/12/2004,23 Vahlen Alley,Chignayhua,,,Peru,707-934-9976,Toulon-Hyères Airport
10760526,Bradney Fellows,3,Pharmacy,UNMC,bfellowsc5@unesco.org,Male,10/02/2006,9 Cherokee Trail,Si Khoraphum,,67160,Thailand,384-431-9217,Quinhagak Airport
10264953,Stoddard Doole,1,Chemistry,UNMC,sdoolec6@networkadvertising.org,Female,16/04/2006,457 Melvin Plaza,Lagoa Vermelha,,95300-000,Brazil,163-904-9162,Sary Su Airport
10797753,Kimberlyn Willmer,2,Life Sciences,UNNC,kwillmerc7@studiopress.com,Female,28/06/2007,2364 Lien Circle,Huangjingba,,,China,967-922-6423,Kamina Base Airport
10857061,Meryl Penhaleurack,2,Pharmacy,uk,mpenhaleurackc8@toplist.cz,Female,19/05/2005,98 Summit Road,Plewiska,,62-056,Poland,237-969-5447,Eppley Airfield
10002587,Moss Kilduff,1,Biology,UNNC,mkilduffc9@1688.com,Male,07/03/2007,04499 8th Court,Qilong,,,China,568-110-7528,Borkum Airport
10301782,Terry Spight,1,Business School,UNMC,tspightca@chron.com,Male,09/05/2006,1 Rieder Junction,Krasnogorskoye,,659500,Russia,334-613-0780,Alexander Field South Wood County Airport
10307469,Olin Fivey,1,Physics,uk,ofiveycb@sun.com,Male,19/06/2005,7064 Nova Crossing,Conner,,3807,Philippines,737-461-8340,Kochi Airport (高知空港)
10949032,Keary Block,3,Physics,UNMC,kblockcc@latimes.com,Male,02/07/2004,6 Cody Parkway,Vischongo,,,Peru,243-582-6351,Kannur International Airport
10185496,Cornie Kiehl,3,Business School,uk,ckiehlcd@state.tx.us,Male,25/10/2006,21435 Meadow Ridge Place,Sang-e Chārak,,,Afghanistan,786-559-5074,Tanbar Airport
10141879,Hermia Ginnane,3,Chemistry,UNNC,hginnanece@mysql.com,Female,12/01/2007,846 Prairieview Parkway,Huangshi,,,China,685-886-7980,San Salvador de Paul Airport
10317274,Gilligan Fost,3,Pharmacy,uk,gfostcf@zimbio.com,Female,10/11/2003,501 Chive Parkway,Rukungiri,,,Uganda,671-917-2191,Guthrie-Edmond Regional Airport
10604112,Suellen Davidovicz,1,Life Sciences,uk,sdavidoviczcg@alibaba.com,Female,20/12/2003,901 Roth Plaza,Ceres,,2340,Argentina,243-400-7120,Kukudu Airport
10142280,Lilia Cornes,3,Physics,UNMC,lcornesch@mozilla.com,Female,18/09/2005,786 Mifflin Trail,Guangdu,,,China,649-755-2484,Levuka Airfield
10075826,Rufus Trinkwon,2,Pharmacy,UNMC,rtrinkwonci@yahoo.co.jp,Male,01/05/2003,268 Memorial Circle,Comalapa,,,Nicaragua,473-727-4424,"Warren ""Bud"" Woods Palmer Municipal Airport"
10567437,Giralda Loughlin,3,Business School,UNNC,gloughlincj@berkeley.edu,Female,09/03/2005,53 Longview Pass,Faleula,,,Samoa,530-149-9663,Arnold Air Force Base
10595830,Libbie Munnings,2,Business School,uk,lmunningsck@ucoz.ru,Female,12/10/2005,21 Bluejay Trail,Cabouco,Ilha de São Miguel,9560-305,Portugal,603-131-0419,Jackson County Reynolds Field
10884186,Antoni Goodings,2,Life Sciences,UNMC,agoodingscl@sina.com.cn,Male,02/11/2005,4 Memorial Pass,Tomari,,694820,Russia,926-234-5501,Mount Sanford Station Airport
10737980,Auroora Huxley,2,Biology,uk,ahuxleycm@jalbum.net,Non-binary,23/06/2007,1 Dahle Way,Livadiya,,,Ukraine,135-526-1360,Jalaluddin Airport
10898927,Rivkah Filipchikov,2,Business School,UNMC,rfilipchikovcn@yolasite.com,Female,02/06/2003,69 John Wall Road,Kalungu,,,Uganda,556-196-7095,Samuels Field
10781339,Northrup Fitzgerald,2,Biology,uk,nfitzgeraldco@furl.net,Male,27/04/2004,31 Towne Hill,Hetian,,,China,132-874-6411,Bauerfield International Airport
10691989,Will Thorogood,3,Chemistry,uk,wthorogoodcp@quantcast.com,Male,20/05/2007,5547 1st Pass,Kantharalak,,33110,Thailand,480-995-5976,St Pierre Airport
10680351,Myranda Charer,3,Life Sciences,UNMC,mcharercq@fema.gov,Female,16/10/2005,72221 Porter Avenue,Suan Luang,,52120,Thailand,951-601-5891,Yalumet Airport
10585380,Son Seggie,1,Business School,uk,sseggiecr@eepurl.com,Male,03/06/2003,23091 Calypso Parkway,Erie,Pennsylvania,16565,United States,814-324-7064,Oktyabrskiy Airport
10278598,Franny Seaman,3,Biology,UNMC,fseamancs@imdb.com,Female,19/01/2003,375 Oak Valley Crossing,Kario,,50251,Pakistan,405-192-3976,Cicia Airport
10775627,Esdras Leishman,2,Biology,UNMC,eleishmanct@prweb.com,Male,14/04/2003,7 Continental Avenue,Planken,,9498,Liechtenstein,351-921-8383,Francisco Vilela do Amaral Airport
10238491,Gwenore McArd,1,Physics,UNNC,gmcardcu@opensource.org,Female,25/12/2005,0924 Warrior Trail,Beauceville,Québec,G5X,Canada,508-744-1747,Godofredo P. Ramos Airport
10150040,Leonidas Lonie,3,Chemistry,UNMC,lloniecv@engadget.com,Male,11/03/2007,9 Westport Way,Jiuxian,,,China,569-894-9105,Batouri Airport
10600691,Mortie Giannotti,2,Pharmacy,uk,mgiannotticw@ted.com,Male,27/10/2004,13979 Arrowood Place,Kanuma,,370-2466,Japan,361-620-4843,Bembridge Airport
10870859,Dani Noads,3,Physics,UNNC,dnoadscx@umn.edu,Male,29/03/2007,10459 Riverside Court,San Antonio,,,Honduras,977-710-0559,Nelson Ribeiro Guimarães Airport
10910240,Hildy Riddoch,3,Business School,UNMC,hriddochcy@cyberchimps.com,Female,03/01/2007,38642 Cordelia Circle,Barra de Carrasco,,,Uruguay,968-204-2176,Sarasota Bradenton International Airport
10175337,Daffi Millberg,3,Biology,uk,dmillbergcz@gravatar.com,Bigender,08/03/2005,036 Jackson Street,Fuvahmulah,,,Maldives,896-689-2733,Kōchi Ryōma Airport
10476179,Lek Russel,2,Business School,uk,lrusseld0@tinyurl.com,Male,27/04/2004,10 Lerdahl Pass,Uherské Hradiště,,686 05,Czech Republic,397-865-9819,"Pattimura Airport, Ambon"
10454871,Marcie Ormerod,1,Business School,uk,mormerodd1@smh.com.au,Female,09/09/2004,79 6th Lane,Blatná,,388 01,Czech Republic,272-671-2914,Picos Airport
10993678,Phillie McLellan,1,Physics,UNMC,pmclelland2@economist.com,Female,15/08/2004,07 Stang Road,Dasiping,,,China,179-933-5722,Borg El Arab International Airport
10796629,Cass Starbeck,2,Politics and International Relations,UNNC,cstarbeckd3@tmall.com,Male,27/05/2003,1 Surrey Plaza,Batad,,5016,Philippines,637-495-4535,Orang Airport
10651730,Ruben Seally,1,Pharmacy,UNNC,rseallyd4@hexun.com,Male,16/12/2002,0 Laurel Avenue,Ruukki,,92401,Finland,776-934-5801,Gerardo Tobar López Airport
10920912,Cleon Pocke,1,Life Sciences,UNNC,cpocked5@ucla.edu,Genderfluid,24/09/2003,38056 Westridge Junction,Yaodian,,,China,332-649-9242,Nnamdi Azikiwe International Airport
10115532,Katrina Sails,2,Physics,uk,ksailsd6@lycos.com,Female,22/04/2003,73190 Glendale Center,Baocun,,,China,596-701-5066,Shannon Airport
10251855,Roddy Wareing,1,Biology,uk,rwareingd7@ezinearticles.com,Male,28/08/2003,3 Goodland Trail,Darhan,,,Mongolia,330-163-0147,Piešťany Airport
10501819,Derron Riseborough,1,Biology,UNMC,driseboroughd8@drupal.org,Male,14/06/2003,8 Stoughton Center,Changhua,,,China,402-963-0321,Ha'il Airport
10029942,Norman Simms,3,Politics and International Relations,UNMC,nsimmsd9@sfgate.com,Male,10/09/2006,6624 Mallard Lane,Mingyuedian,,,China,200-865-2500,Benina International Airport
10787218,Darryl Stelfox,3,Business School,UNNC,dstelfoxda@zimbio.com,Male,04/12/2006,8 Farragut Avenue,Estreito Câmara de Lobos,Ilha da Madeira,9325-006,Portugal,304-725-5187,Paris Beauvais Tillé Airport
10153832,Carolann Stubbeley,3,Physics,uk,cstubbeleydb@constantcontact.com,Female,30/11/2002,4 Troy Plaza,Västerås,Västmanland,721 37,Sweden,357-723-3519,M'Vengue El Hadj Omar Bongo Ondimba International Airport
10168720,Jean Raisher,1,Politics and International Relations,UNMC,jraisherdc@tripod.com,Female,01/11/2002,878 Sheridan Drive,Radišići,,,Bosnia and Herzegovina,693-951-9853,Long Sukang Airport
10316812,Anna-maria Thake,2,Politics and International Relations,UNNC,athakedd@comsenz.com,Female,30/11/2006,34 Drewry Avenue,Tampere,,33901,Finland,496-591-5444,Ville Airport
10737202,Johannah Croose,2,Physics,UNNC,jcroosede@ted.com,Polygender,30/09/2006,2346 Forster Alley,Troitskaya,,386245,Russia,921-169-9834,Allen C Perkinson Blackstone Army Air Field
10012751,Jerri Kinloch,3,Pharmacy,UNMC,jkinlochdf@trellian.com,Male,03/12/2002,3 Bluejay Pass,Plumbangan,,,Indonesia,846-757-9687,Léopold Sédar Senghor International Airport
10539682,Alwyn Lumbley,3,Biology,UNNC,alumbleydg@bbb.org,Male,03/10/2002,4 Jackson Way,Consuelo,,1128,Philippines,803-499-7802,Dorobisoro Airport
10540091,Shandeigh Fulton,2,Pharmacy,UNNC,sfultondh@studiopress.com,Female,17/06/2007,55 Carberry Terrace,Lélouma,,,Guinea,228-436-2652,Phillips Army Air Field
10148997,Carlyle Philipp,2,Pharmacy,UNMC,cphilippdi@goo.gl,Male,02/07/2004,866 Truax Avenue,Macarse,,6707,Philippines,381-796-6382,Eastern Slopes Regional Airport
10118837,Letta Wasylkiewicz,3,Politics and International Relations,UNNC,lwasylkiewiczdj@ucla.edu,Female,12/08/2004,6 Fordem Parkway,Västerås,Västmanland,721 32,Sweden,308-746-8041,Öndörkhaan Airport
10313970,Byrann Pont,1,Biology,UNNC,bpontdk@shop-pro.jp,Male,09/09/2004,54 Arrowood Hill,Pandean,,,Indonesia,612-381-0295,Leitre Airport
10913520,Boone Viles,3,Pharmacy,UNMC,bvilesdl@e-recht24.de,Male,05/02/2005,36476 Troy Lane,Grästorp,Västra Götaland,467 96,Sweden,439-562-5596,Mopah Airport
10940567,Chilton Kayne,2,Business School,uk,ckaynedm@ucoz.com,Male,03/12/2002,950 Chinook Crossing,Järfälla,Stockholm,175 61,Sweden,238-294-3007,Stafsberg Airport
10710998,Xaviera Stacy,1,Life Sciences,UNMC,xstacydn@fastcompany.com,Female,21/05/2003,406 Vermont Street,Lugait,,9025,Philippines,844-490-2664,Fremont Municipal Airport
10442816,Ignatius Folomkin,2,Politics and International Relations,UNNC,ifolomkindo@liveinternet.ru,Male,29/06/2003,1 Maple Park,Changtang,,,China,868-753-8423,Ben Bruce Memorial Airpark
10135217,Linn Tedorenko,1,Politics and International Relations,UNNC,ltedorenkodp@spiegel.de,Male,11/07/2006,568 Troy Plaza,Ermida,Coimbra,3070-125,Portugal,616-281-2156,Yiwu Airport
10701538,Teressa Coupman,2,Physics,uk,tcoupmandq@sina.com.cn,Female,31/03/2004,16241 Oak Drive,Nürnberg,Bayern,90411,Germany,580-678-6137,Cattle Creek Airport
10209707,Maris Grzelczyk,1,Life Sciences,UNMC,mgrzelczykdr@fda.gov,Female,21/01/2005,451 Kim Drive,Jiwuwu,,,Indonesia,838-811-3615,Korhogo Airport
10085556,Emmy Charlon,3,Physics,UNMC,echarlonds@walmart.com,Male,12/04/2006,20995 Muir Junction,Conchagua,,,El Salvador,935-361-1043,Dourados Airport
10694194,Kathlin Father,2,Physics,UNMC,kfatherdt@lycos.com,Female,02/03/2005,28 Eagle Crest Lane,Qitao,,,China,807-419-4553,Santa Vitória do Palmar Airport
10030470,Evey Raincin,2,Politics and International Relations,uk,eraincindu@xing.com,Female,09/10/2002,19 Havey Junction,Atafu Village,,,Tokelau,330-294-8647,Barkly Downs Airport
10982043,Mickey Lanmeid,3,Biology,uk,mlanmeiddv@smh.com.au,Male,26/02/2006,8 Porter Lane,Berlin,Berlin,12103,Germany,395-772-8020,Berbera Airport
